,linhas,date,mean_geral,mean_25_perc,mean_50_perc,mean_75_perc,median_geral,median_25_perc,median_50_perc,median_75_perc,std_geral,std_25_perc,std_50_perc,std_75_perc,perc95_geral,perc95_25_perc,perc95_50_perc,perc95_75_perc,cv_geral,cv_25_perc,cv_50_perc,cv_75_perc,trips_geral,trips_25_perc,trips_50_perc,trips_75_perc,ltt_mean,rbt_mean,ltt_mean_25_perc,rbt_mean_25_perc,ltt_mean_50_perc,rbt_mean_50_perc,ltt_mean_75_perc,rbt_mean_75_perc,ltt_median,rbt_median,ltt_median_25_perc,rbt_median_25_perc,ltt_median_50_perc,rbt_median_50_perc,ltt_median_75_perc,rbt_median_75_perc,ltt_cv,ltt_cv_25_perc,ltt_cv_50_perc,ltt_cv_75_perc,ltt_std,ltt_std_25_perc,ltt_std_50_perc,ltt_std_75_perc
0,3901-10-0,2017-03-02,1459.416666666667,1460.6585833333336,1424.8489189189193,1453.5437105263159,1334.5,1280.9665,1220.392,1295.8375,680.7901611326147,709.3887994109689,741.4734366384715,766.7647042708138,2921.00925,3129.6490000000003,3192.4061999999994,3251.50155,0.4664810103118469,0.4856636639837421,0.520387408653159,0.5275140325798492,36,36,37,38,2234.099314905161,327.35405835624215,1724.87582544572,277.9310723258345,1069.6426292262645,197.84989496649632,543.9290266101342,190.87005892681918,2208.4795984120474,352.9737748493558,1693.5300706295736,309.2768271419809,1061.0618983982947,206.4306257944661,534.9426560109533,199.85642952600006,0.08733154912595735,0.09576497094161139,0.11252873933860098,0.21142851025708306,197.72636191735867,167.39999974042234,121.98125369117021,116.54582525490335
1,3901-10-0,2017-03-03,1509.766342857143,1510.5866857142855,1508.6028857142853,1492.9450000000002,1379.613,1371.863,1248.998,1242.8685,787.9553863820757,809.0054390855395,809.5227965796296,827.842552576308,2977.7980999999986,3071.470599999999,3150.7726999999995,3208.7475000000004,0.5219055187645242,0.53555710952331,0.5366043007377259,0.5545030477186419,35,35,35,36,2310.212068867869,313.1765472466259,1786.186266653153,284.69936986856624,1092.3087686756028,185.85374629139937,546.7613240078258,162.16386443775127,2324.683466335999,298.705149778496,1778.6513101207424,292.2343264009769,1106.0919112286929,172.07060373830927,541.432915470528,167.4922729750491,0.09316998599326805,0.09936278382907254,0.11946185839704283,0.2076798155326529,218.2956626576723,179.99801868688917,132.3402390435706,115.16202797134154
2,3901-10-0,2017-03-06,1882.9285714285713,1887.3726071428573,1885.7062142857146,1860.5137241379311,1433.8765,1478.7005000000001,1520.7665000000002,1506.344,1183.6926869182143,1179.9328488273088,1133.336666413346,1122.1192604082084,4601.953100000001,4517.3436,4401.4028,4389.284799999999,0.6286444981925952,0.6251721808199362,0.6010144410764652,0.6031233448321605,28,28,28,29,2303.92450426547,336.76813210441924,1785.0398231953614,330.56082086877086,1106.3743657177822,279.58056765092283,568.3762789763073,235.49112370651483,2315.179416267808,325.5132201020815,1795.6380546181456,319.9625894459866,1117.3980465460913,268.5568868226137,576.2126506240854,227.65475205873668,0.11855265678774421,0.12679575617085928,0.14847796478743405,0.2353289620360034,277.9710184039203,230.34172279299838,167.17991266626973,136.1229357863427
3,3901-10-0,2017-03-07,1676.8342121212122,1678.5569696969703,1686.5341874999997,1688.4019062500004,1515.422,1511.4820000000002,1517.2890000000002,1532.3555000000001,783.5080812373507,791.3536049283092,789.0158934636373,819.913143246494,3103.3124,3170.1237999999994,3099.3711999999996,3118.3674499999997,0.4672543508318601,0.47144876177254336,0.46783273017027854,0.4856149120724163,33,33,32,32,2331.4193504976356,272.5951261816749,1804.2193642826858,269.4317887053446,1136.2725438355433,245.44077445441326,592.0031395951486,268.6605246032003,2375.690312667852,228.32416401145838,1814.2010139962395,259.45013899179094,1089.5586491894799,292.15466910047667,508.072447765707,352.5912164326419,0.08636823031514071,0.10956086955589975,0.22398725597391297,0.5749409599132498,204.48261880543424,200.7367049173134,258.45670475198995,345.6441735355619
4,3901-10-0,2017-03-08,1696.1875000000007,1695.5625937500001,1618.69153125,1621.758,1473.5140000000001,1501.8515000000002,1476.3310000000001,1478.906,1008.5001184425539,988.9100672632653,974.4905999899503,976.8905368245487,3814.3762,3583.9608,3479.8629499999997,3467.884499999999,0.5945687716968516,0.5832341848708381,0.6020236599603512,0.6023651721308289,32,32,32,32,2282.898084333477,456.96698041040645,1788.58608803555,434.9086936008339,1082.5308759915029,293.7627335548573,549.6599368404953,231.303346272451,2355.3557961939728,384.50926854991076,1829.8356802413746,393.6591013950092,1096.3582604399696,279.9353491063905,537.5099028745979,243.45338023834847,0.20643361203185762,0.21237263352009034,0.22283340025902185,0.26969861021251984,478.57379671424076,385.73618571376596,244.9641665554547,150.5409917817484
5,3901-10-0,2017-03-09,1654.5300312500003,1655.8313750000004,1651.3800625000003,1639.6095454545455,1601.0905000000002,1565.4315000000001,1579.554,1597.652,756.2984544848418,738.1627993741756,768.7639490722476,787.6632393346749,3285.8593000000005,3227.1021,3250.8550999999998,3225.3077999999996,0.45710772255578647,0.4457958766327733,0.4655281764201676,0.4803968368678366,32,32,32,33,2190.1527777924907,435.87817878223404,1671.9437583287925,302.5854302857663,1036.262534567605,267.0896561816305,510.4243305584442,151.9997483217889,2224.6651030729913,401.36585350173345,1717.5937754689353,256.93541314562344,1036.935392040467,266.4167987087685,526.5942885803345,135.8297902998986,0.1989580229672765,0.20150245618792612,0.20972164720275607,0.23347518654340474,442.5046597443579,342.12435322589664,220.6962926061544,121.01914483007837
6,3901-10-0,2017-03-10,1734.4295000000004,1739.825433333333,1740.6073999999999,1716.6860967741936,1548.0500000000002,1539.932,1584.0445,1588.333,1005.8485203211558,1016.712023876584,943.1997249508461,931.6812489217314,3106.6946999999996,3280.1393999999996,3584.430599999999,3576.424,0.5799304730005778,0.5843758830037704,0.5418796478464047,0.542720798329085,30,30,30,31,2449.05947065177,640.7829109317604,1903.0399276683925,742.454449274735,1106.0467335311419,280.0178474539432,570.9923250612605,162.61661584616104,2371.5670171536626,718.2753644298678,1810.104106741275,835.3902702018524,1066.6540169054758,319.41056407960923,537.734188878446,195.87475202897554,0.14775008248330943,0.17497731549239642,0.13904848318969004,0.1887454109240231,367.83011489911473,338.4931381161744,156.33634444077256,109.55366008042225
7,3901-10-0,2017-03-13,1470.8533888888894,1470.4766111111117,1469.2442222222223,1457.3142432432435,1432.5,1456.6280000000002,1413.5480000000002,1342.6000000000001,507.9738055856974,532.2741533514622,621.873990807192,639.9677084247389,2379.9305,2343.3495000000003,2328.68375,2386.7099999999973,0.34535991787014914,0.3619738997067548,0.42326114433624357,0.4391418744391703,36,36,36,37,2319.742429944051,276.17795296643226,1798.4123420340923,220.71203283501177,1088.511260933577,151.5190650659065,538.7021866179432,142.17165025405757,2335.0551232766998,260.86525963378335,1824.832808657521,194.29156621158313,1094.3751387086068,145.6551872908767,527.0752462460407,153.79859062596006,0.08982841308729447,0.09300662919354655,0.11910308354690292,0.16553834248912924,211.25310711929998,169.57147219930164,131.43333968344515,90.40593713468486
8,3901-10-0,2017-03-14,1444.578947368421,1423.658,1418.943621621622,1396.8880526315788,1367.0,1285.193,1279.8870000000002,1259.2385000000002,843.4354951226609,852.3943623431521,861.5255009486035,859.195936624594,2305.9395499999996,2289.762599999999,2305.5627999999997,2278.448,0.5838625134743526,0.5987353439822992,0.6071597826867989,0.6150785920217201,38,37,37,38,2288.3922378457787,435.07646692756316,1751.1307904747512,315.0153967354447,1048.1465129702424,230.15592907105884,527.3911701994534,252.78469876349857,2311.7192000236055,411.7495047497364,1770.1594186164848,295.9867685937111,1060.1360687066713,218.16637333462995,506.91621135286937,273.2596576100826,0.1290310391414906,0.14393255765305674,0.15332388590217974,0.2662395506159974,299.0352275550358,255.25562383907695,162.75318776970022,142.2011531085196
9,3901-10-0,2017-03-15,1653.5203999999999,1650.9245599999997,1529.7999583333337,1511.3696249999996,1354.0,1418.987,1349.2910000000002,1284.3755,975.8622037882278,954.1785914251535,873.7626158847613,866.0257871747949,3851.686399999996,3774.9071999999965,2747.963649999999,2841.9024999999992,0.5901724610039452,0.5779661981799784,0.5711613542182971,0.5730072729063846,25,25,24,24,2302.60683547409,746.3675087588713,1791.7154253930612,765.1415972953255,1090.7996770421091,448.0600095889072,532.9241475254285,336.3949100515497,2295.7020116754693,753.2723325574921,1780.5258067419263,776.3312159464604,1030.8604550546363,507.99923157638,486.86424811836287,382.4548094586153,0.19621086928440476,0.24465552672107743,0.23505247797524542,0.3299951405656406,461.1128604842001,447.39223998112146,261.68222159201815,179.48878893207592
10,3901-10-0,2017-03-16,1430.7620810810806,1432.1837297297295,1430.4868918918924,1421.6086052631583,1261.805,1336.7450000000001,1254.068,1295.44,810.361828165199,813.0340783649931,828.5506860450424,820.4763110958384,2650.051,2721.1201999999994,2754.8578,2688.5476000000003,0.5663847531889379,0.5676883918506898,0.5792088628992899,0.5771464157280881,37,37,37,38,2479.482182914679,1157.5051738062707,1947.4195425258215,1109.8500483605978,1066.9746277542106,208.14056715760466,517.492310972192,187.3833600961092,2352.3866761469235,1284.6006805740262,1810.0521530702656,1247.2174378161537,1064.3850557873543,210.73013912446095,515.0027526475156,189.87291842078548,0.2025053024684597,0.2460721980178831,0.11830883697961585,0.24539223912835656,508.84829957891736,485.6383878316449,127.92699945458665,128.69321811908526
11,3901-10-0,2017-03-17,1500.2702702702704,1487.3422222222225,1490.1282777777785,1491.0124166666662,1364.0,1386.4625,1362.14,1349.6685000000002,590.7664415828649,620.7385567562523,661.5536806836124,683.7188774346776,2660.894399999998,2694.972,2755.6887500000003,2735.1455,0.3937733442364619,0.4173474991040147,0.4439575374478393,0.4585601499974169,37,36,36,36,2376.2909534264254,342.5553434775261,1826.117579137195,263.2732692152915,1087.406042156468,189.6916805932517,556.5034465685486,162.08624673675808,2353.020461284964,365.82583561898764,1798.7663331411159,290.62451521137064,1099.7524190830693,177.34530366665035,548.160502262135,170.42919104317173,0.09308423967642411,0.09776306073828636,0.12031711006552583,0.180945890480083,224.1644330847112,180.92328450639073,132.58978610881496,102.04870991680404
12,3901-10-0,2017-03-20,1441.3006315789476,1432.3772432432434,1433.203189189189,1422.513184210526,1350.074,1257.6170000000002,1277.684,1228.5635000000002,696.2530998536039,738.5047802411832,832.0448243339297,826.5397159514971,2692.85545,2659.119599999998,2794.0127999999995,2692.5502,0.4830727778776155,0.5155798053374769,0.5805491019069287,0.5810418666946939,38,37,37,38,2267.4870804589364,557.8960158841219,1762.7953704397823,463.37454579217274,1021.8583657509997,260.4595248515499,520.1967189066701,229.69147480026572,2339.6622481583845,485.72084818467374,1806.7926519866173,419.37726424533776,1022.8083933570279,259.50949724552174,501.78828015735803,248.09991354957776,0.20654709082258937,0.21591533403947621,0.21810322767955012,0.2804317343436851,474.46524868738913,385.59011604082104,225.78407273631336,147.78667278769854
13,3901-10-0,2017-03-21,1402.7435897435898,1388.8345789473685,1393.3926578947367,1389.1901538461539,1325.0,1261.8745000000001,1241.4345,1253.1580000000001,524.5371857947335,555.1976516797265,609.6722200811381,572.557748716073,2280.5000000000005,2305.93465,2332.9821499999994,2311.315200000001,0.3739366122433072,0.39975794100728995,0.4375451647651753,0.4121521788294225,39,38,38,39,2287.30599897249,373.84459391421797,1791.9873031038364,459.47134606797135,1054.0018664049667,290.7780408288827,532.4536690236572,186.936552589734,2348.5234306902335,312.6271621964747,1807.057037917225,444.4016112545828,1067.3821766639353,277.3977305699141,513.542164316528,205.8480572968632,0.18979338581508168,0.20595572492663225,0.20008970767472373,0.2594225824332321,439.6459072875517,373.771762841065,213.58159320754103,139.89020106356793
14,3901-10-0,2017-03-22,1464.526777777778,1470.1804999999995,1470.579777777778,1451.8644054054057,1331.6385,1409.2295000000001,1316.0405,1226.8970000000002,909.5967914937165,923.3275749462919,924.3917545411178,954.3645824561451,3282.18375,3334.2170000000006,3188.87675,3044.8751999999968,0.6210858041625616,0.6280368804689576,0.6285900081789404,0.6573372684824909,36,36,36,37,2353.1182349398987,457.46014306364987,1840.4567911550353,503.146897256368,1136.98349057741,329.188054107532,583.1096460976345,175.70604555257057,2324.7519027232975,485.8264752802511,1808.1677340802728,535.4359543311305,1109.4326963202516,356.7388483646905,532.8990078379788,225.9166838122262,0.10376899854117944,0.1252316664790686,0.24416613446432614,0.5551199258922341,247.54889176532853,233.66270358158246,281.4421876865541,328.16076387738326
15,3901-10-0,2017-03-23,1518.8176388888887,1515.9061111111114,1493.429861111111,1495.8668888888888,1371.5,1400.9050000000002,1359.171,1361.5710000000001,893.3881124868776,909.1638937413015,954.0885344940674,967.4452044245719,2742.0085000000004,2733.44525,2682.9722500000003,2713.41875,0.5882128898242501,0.5997494746392394,0.6388572770228567,0.6467455170046434,36,36,36,36,2427.7076012188504,435.0309761226931,1902.549672978227,409.45333075716485,1088.840006362312,197.1507948936196,530.3304032865685,169.4674390386117,2386.2972234245153,476.4413539170282,1879.0210514166383,432.98195231875343,1069.0699558499368,216.92084540599467,513.0059242551556,186.79191807002462,0.12967859271668858,0.14367503899880948,0.11958889011849062,0.1782545959024058,319.16427874026726,277.1194062108144,132.009296419427,95.83780825143664
16,3901-10-0,2017-03-24,1479.1233513513514,1464.021083333334,1467.2354999999998,1458.7280270270273,1406.0,1333.1080000000002,1339.2695,1223.5230000000001,694.4459735879474,714.9026626245951,745.9391746365498,743.6689520507423,2603.984,2645.7175,2690.3735,2739.7691999999997,0.46949835046109584,0.48831445855744093,0.5083977143659282,0.5098064466248605,37,36,36,37,2328.475866747058,444.2857072463503,1788.099316703487,392.32059859973265,1008.6933778806367,240.6118169874917,491.0670435963236,145.39514780939948,2333.905540318545,438.8560336748633,1795.2167516026375,385.2031637005821,989.7385302736001,259.56666459452833,476.78817426151204,159.674017144211,0.10256838097224157,0.11436008071968248,0.11146158938392106,0.18374226578348102,242.03388819531503,207.23209940541932,113.93976975731307,91.44096330545122
17,3901-10-0,2017-03-27,1819.3884666666663,1812.9957000000002,1807.6794666666667,1803.866266666667,1686.2015000000001,1591.901,1640.2455,1556.4025000000001,640.5528959010512,638.4261036755047,578.999486225115,594.8323711998505,3001.0628,2999.4317499999997,2863.504,2970.5120499999994,0.35207043885169803,0.3521387853680539,0.3202998633893769,0.32975414097577804,30,30,30,30,2304.5478284013725,335.6732926267123,1740.5505202078816,339.8454110774196,1001.1777709997173,233.91110001791003,484.4232720412534,210.89555795249248,2322.0692132113313,318.15190781675346,1755.666524869977,324.7294064153243,978.6255475112487,256.46332350637863,468.20792892852455,227.11090106522136,0.12332536725165084,0.16316690861294258,0.1432779470306106,0.20151763753503113,288.9071984046488,288.6947846730115,145.81787604229888,99.23349363229593
18,3901-10-0,2017-03-28,1405.3151794871794,1393.0254210526318,1392.226947368421,1386.0407692307692,1308.0,1376.3275,1350.3475,1306.364,553.015284090816,561.858478725383,563.9082160395096,571.2173293493219,2187.936400000001,2303.8263999999995,2228.3592,2246.4056,0.3935169079242562,0.40333684528227615,0.40504044050103005,0.41212159269047943,39,38,38,39,2403.0971510694244,480.7393585177565,1880.5153292814157,519.8932108726381,1101.4234576636586,237.2358265841658,567.198169889902,205.75080146861592,2421.649972721299,462.18653686588186,1900.398496125427,500.0100440286267,1079.1674026241835,259.4918816236409,540.0469588966795,232.90201246183847,0.12017873533059327,0.13365960921653908,0.12165608213321168,0.19841558845583784,292.4803206936026,254.5509705016505,135.7018723713321,113.97465923396646
19,3901-10-0,2017-03-29,1456.8222777777778,1449.665388888889,1428.6660000000002,1414.1032368421056,1335.788,1368.823,1381.405,1289.6235000000001,754.5271240729184,755.9142030972741,738.8638930107869,724.9318259741295,2838.4210000000003,2811.4075000000003,2611.105799999999,2586.6760999999997,0.5179266788972136,0.5214404709466454,0.5171704884212173,0.5126442024084505,36,36,37,38,2328.4873594813666,260.2312521113495,1814.7046923320265,224.2357880148329,1063.584475031781,156.1321493459875,525.4945171990497,202.0830253261288,2337.2459815582124,251.4726300345037,1818.3572270444602,220.58325330239927,1062.1553157585558,157.5613086192127,503.925165697225,223.6523768279535,0.0987682157309602,0.10770496798907711,0.1338517640720792,0.2611895220157621,233.06766711951965,198.0763545108734,144.27365189361595,139.09607523785266
20,3901-10-0,2017-03-30,1655.5528749999999,1656.87034375,1652.0101250000002,1577.1908235294118,1504.078,1533.1930000000002,1428.1025,1436.4265,753.1126843229029,782.6732795909081,770.6666002560654,799.9284670543407,2789.3685000000005,2831.07985,2848.80095,2799.0015,0.4549010156639684,0.472380523040494,0.4665023468037554,0.5071855955034495,32,32,32,34,2357.913758646822,405.5910489050375,1839.4802703604869,413.23086563261904,1113.5688070934946,345.056264222095,574.682211016366,297.73358816508926,2362.962640506543,400.54216704531655,1839.82315904808,412.8879769450259,1084.6900867138015,373.9349846017881,546.7969775713632,325.618821610092,0.106996146024591,0.1255611573096673,0.14472887444007065,0.24123941629916568,255.97091155705297,234.33923494505254,163.51846642035883,140.65999143253802
21,3901-10-0,2017-03-31,1404.9893333333332,1393.1042105263161,1391.9420789473684,1376.8766923076926,1299.584,1301.9335,1327.464,1289.777,694.5815170246241,714.4498568573739,645.6232352187651,677.6047822107295,2516.463200000001,2634.215599999999,2673.3838,2757.0222000000003,0.49436782226433806,0.512847388916766,0.463829095321988,0.49213178347513503,39,38,38,39,2395.081841819452,300.97634529510924,1871.573820086286,369.1263056253565,1064.7194937186878,167.08382994561953,534.7014823221404,115.10607860021162,2401.9099521021085,294.1482350124529,1863.6865776834459,377.01354802819674,1080.1301569014738,151.6731667628335,538.6674539978521,111.14010692449983,0.10664173744016955,0.13102341903605186,0.10904860089091731,0.17653770027749796,258.5886762828672,248.26632887975,117.54853911955719,95.5676233093659
22,3901-10-0,2017-04-03,1522.722222222222,1507.608657142857,1509.3944285714288,1497.346777777778,1335.284,1323.374,1268.179,1284.3665,659.3377642658086,662.0192763479707,700.2878008840066,703.8687832539371,2627.57625,2587.509899999999,2740.6548999999995,2789.1285000000003,0.432999370892209,0.4391187813968884,0.46395281950708955,0.47007733525733647,36,35,35,36,2334.1290662231722,267.45777743754434,1789.3867758229344,278.34721854932195,1073.3475805957414,184.75054713581653,534.5882095073695,185.97747553628778,2375.4633837651545,226.12345989556206,1824.882735748091,242.85125862416544,1107.6826223217165,150.41550540984144,534.798928974333,185.7667560693243,0.10128410371730467,0.10999685588146282,0.12731965587310964,0.21454145991044504,239.67115441513363,199.5419016083529,138.54327494513234,116.27335909881279
23,3901-10-0,2017-04-04,1476.2970540540546,1476.1920270270268,1471.8583611111112,1456.5938918918923,1446.333,1504.6470000000002,1505.7295,1506.9460000000001,552.1477295037657,547.7748505008183,591.8352492257166,607.3743801976569,2389.2099999999987,2363.0903999999987,2446.2135,2520.6573999999996,0.37400855606093275,0.3710728959863088,0.40210068092349455,0.41698264943893915,37,37,36,37,2342.458489443238,411.28222186814946,1836.0787320742659,398.3516057428576,1100.2736032498208,269.229159604055,556.9574572789019,223.01993200280583,2371.1986820758343,382.54202923555295,1842.143820586165,392.28651723095845,1065.5644722517118,303.938290602164,526.5354895487064,253.44189973300126,0.11586603027393592,0.13411823708385892,0.149565524309446,0.23507677780832054,275.05463485758713,249.55718177546862,166.771996501666,132.68526272903
24,3901-10-0,2017-04-05,1756.7487741935486,1754.5185161290324,1703.5987000000007,1691.5544516129034,1606.0,1607.856,1467.129,1432.18,914.6839263269658,955.842145273506,1033.9407529442426,1038.3026209095897,3170.6890000000003,3333.2780000000002,3546.961899999995,3596.2145,0.5206686008628978,0.5447888617227968,0.6069156738287264,0.6138156651827343,31,31,30,31,2325.4555871504112,436.5293485714824,1793.314759416884,404.2743866889232,1058.0572678470994,231.31420129074263,524.8920727438848,182.81869100741608,2410.112259763738,351.87267595815547,1845.4931086675138,352.0960374382935,1038.2951351866946,251.0763339511475,503.4165900350562,204.2941737162447,0.2091189435594022,0.21738703112420688,0.24629099610565258,0.34413700039352685,494.07805880837634,396.08126144505087,264.7596828496608,183.52512350474748
25,3901-10-0,2017-04-06,1475.972972972973,1475.8918378378376,1378.7307499999997,1371.6618378378384,1256.0,1247.847,1305.855,1338.9840000000002,864.836223838604,855.785489696763,623.4664170722716,619.1824023055867,2872.202399999995,2808.5071999999946,2131.396,2098.3343999999997,0.5859431301757586,0.5798429585127848,0.452203170976111,0.4514103879142755,37,37,36,37,2607.91901099098,621.1791184215595,2053.538631472561,554.5917271768235,1238.5020307442037,588.7092198545115,678.2887700628901,655.6981769624765,2563.4707310218814,665.6273983906581,1986.451309005463,621.6790496439216,1147.161628075361,680.0496225233542,553.379003976311,780.6079430490556,0.14098722711529924,0.16783393397403418,0.23363329065858743,0.4556670931315329,372.61883664614425,349.27989513064676,293.23944254931916,313.222700375775
26,3901-10-0,2017-04-07,1660.69696969697,1655.0672812500004,1654.0620625000001,1641.2472121212122,1322.0,1471.7820000000002,1463.8655,1517.4650000000001,817.132278692092,835.4489368221767,853.1163817431053,815.1062696370009,3278.766399999999,3258.28575,3288.6177999999995,3140.193399999999,0.49204177137819155,0.5047824618895241,0.5157704786806361,0.4966383270095707,33,32,32,33,2782.7475203096806,1335.5397328437562,2182.2480940471823,1165.566975918573,1228.5595258583166,367.387258851094,639.4586594877691,357.9118146363917,2589.26478189302,1529.0224712604168,2010.0178232829448,1337.7972466828105,1221.155272430783,374.7915122786276,585.5227464901333,411.8477276340275,0.2303967829135852,0.2504193341491136,0.17337567127672826,0.2819428226476869,650.7777613744022,554.6952767820461,216.20555483725477,183.0020711028782
27,3901-10-0,2017-04-10,2095.376230769231,2092.7746923076925,2096.9300384615385,2096.569423076923,1582.2735,1622.6865,1654.9635000000003,1597.316,1418.386254352722,1386.352094585521,1517.033566277622,1520.1042021600013,4716.01375,4604.408,4624.811500000001,4556.56575,0.6769124482394363,0.6624468939161325,0.7234545447165366,0.7250435809223517,26,26,26,26,2753.6185015383494,1317.444015162528,2185.8139335451665,1312.112359206028,1067.2994547430126,172.67599128070106,507.22597690353484,122.69886116805458,2516.801178763816,1554.2613379370614,1932.8893262508054,1565.036966500389,1079.454283179896,160.5211628438176,495.83487323490124,134.08996483668818,0.23702102802568784,0.29589449796672274,0.10912531577130131,0.16163777240339977,665.5908118577837,659.5788929445281,118.77593849104186,83.61053714836615
28,3901-10-0,2017-04-11,1633.6008787878789,1632.9114242424243,1611.481294117647,1623.169303030303,1597.0,1635.044,1580.276,1670.228,378.59046839797395,429.2340852480752,461.68440049726286,459.9925430822551,2245.0,2257.9356,2302.87,2272.3233999999998,0.2317521209212899,0.26286427963918174,0.28649690330414557,0.28339159829075916,33,33,34,33,2413.267500083909,410.162290758014,1854.094080847966,361.81299468616385,1120.672316637329,309.47942190620506,561.2893149107301,319.78834758605933,2463.5495914053654,359.88019943655763,1875.2895125929672,340.61756294116276,1137.1102273997494,293.04151114378465,540.6527859135977,340.4248765831918,0.13023518650858845,0.1468543089670693,0.16690151406254983,0.275737004187755,319.0188088334677,276.37639649990626,189.85472449880365,157.09570664613577
29,3901-10-0,2017-04-12,1763.8708333333336,1735.586,1735.4567096774197,1722.2804838709683,1617.377,1569.69,1560.18,1462.989,1002.3616179249432,1030.9939981756118,1017.4181017141116,1045.8511049197484,3464.5013499999986,3469.657,3421.7395,3528.8315000000002,0.5682738208390786,0.5940322163094262,0.586253806298185,0.6072478407054299,30,31,31,31,2418.0513328171714,552.5742362599608,1895.0905958828598,440.21727835366164,1136.2394995890331,225.6991454472727,570.4184656175908,211.1581251579952,2372.9469557911475,597.6786132859847,1833.99781086468,501.31006337184135,1095.7900137297731,266.1486313065327,548.2510521794757,233.32553859611028,0.17732647419493835,0.2065838265862288,0.20207044449034123,0.2620630885894407,435.8723448360701,397.9664982823549,233.39572612290868,151.95662906398036
30,3901-10-0,2017-04-13,1923.2605357142859,1923.692964285714,1892.417206896552,1926.8349285714285,1784.3245000000002,1807.6760000000002,1814.5390000000002,1751.0815000000002,852.7929527582354,931.4856563607879,1038.8337081364502,1117.5715044639965,3295.8455999999996,3658.1119499999986,3788.802999999998,3711.0213999999987,0.4434099992809939,0.48421742640549587,0.5489453934104065,0.5800037605154756,28,28,29,28,2154.0825329088534,525.2401828382594,1671.481225962083,448.8793003178166,1013.640372724032,328.3066710184646,504.97993910180645,266.52122843018145,2361.722184204174,317.6005315429388,1848.7890139947722,271.5715122851275,1100.6433677368793,241.30367600561726,526.6840177820015,244.81714974998636,0.35441717512925003,0.35693612798281016,0.3634126217420924,0.4128798911406093,776.9571758638485,607.1723617036082,374.8900293458626,212.18654458288327
31,3901-10-0,2017-04-17,2070.0384615384614,2066.3036923076925,1997.6031111111117,2021.655074074074,1750.5,1835.3485,1942.881,2040.074,967.5533192088684,967.1098067894781,1047.1724746226544,1052.8741822723946,4163.75,4157.6075,4116.0343,4091.6867999999995,0.46740837776017874,0.46803856102555236,0.5242144792416715,0.5207981300937872,26,26,27,27,2176.570798083522,463.2199387754622,1686.0664990172972,410.939655286983,1001.3269589554948,173.64234788125077,489.5529642845464,121.10566745453445,2282.489107059025,357.30162979995885,1799.8988523525586,297.10730195172164,1090.8278470446412,84.14145979210434,525.4111277641505,85.2475039749304,0.2343717730470019,0.2370785849099672,0.2687851095981521,0.2924112098158102,519.4876618833537,407.0653716479167,274.08056956830603,145.77761337588828
32,3901-10-0,2017-04-18,1737.1612903225803,1735.7382258064515,1727.8714838709682,1711.4013125000006,1748.0,1693.1870000000001,1727.872,1713.8780000000002,505.9160065565031,519.3126295671816,558.2599414921256,557.4373388321076,2149.563,2248.3685000000005,2201.1245,2238.5536,0.29123145293121144,0.2991883348803364,0.3230911249495536,0.3257198266476773,31,31,31,32,2335.2412618676767,493.99947818911505,1816.570505711144,399.97260008396506,1093.4626947127265,321.80045690057045,564.2643543621496,272.4504625085383,2341.5721257469977,487.66861430979407,1804.5416730342108,412.0014327608983,1072.215473902114,343.04767771118304,529.4740893358243,307.2407275348636,0.12181694281905583,0.13884370378205851,0.14467870577307676,0.2381811729125013,289.0237915098208,256.25514348456085,160.73214049411396,136.54763663447207
33,3901-10-0,2017-04-19,1738.2903225806451,1738.1875483870972,1729.6318387096771,1731.4727419354836,1562.748,1516.183,1583.152,1517.659,779.8702482403247,788.6866520588025,817.7129566754705,840.2045062712199,3335.4165000000003,3317.976,3115.746,3159.0025,0.44864211582478275,0.45374082491307816,0.47276705850043366,0.48525424970422476,31,31,31,31,2261.519898679931,412.93257159518316,1764.3221928413616,418.95662147480175,1027.038652624243,219.84975692527792,499.61687220760734,185.72881295088075,2378.0914548111214,296.36101546399277,1808.5358141178767,374.7430001982866,1045.2480534333138,201.64035611620716,503.5469870245639,181.79869813392418,0.21346062378908198,0.22256377620131326,0.21272131484167497,0.25654024563386035,490.4698659262889,398.9573959869435,221.96880274963618,130.22271470364382
34,3901-10-0,2017-04-20,1867.6551724137933,1863.6219310344827,1859.4972413793105,1985.7854137931035,1744.0,1779.0290000000002,1822.8120000000001,1889.0590000000002,636.7520780069896,669.2081966811828,657.5301844344516,873.6099422936138,3040.919,3023.7536,3068.999,3216.6386,0.3409366393819042,0.359090105958192,0.35360643178299017,0.4399316946461538,29,29,29,29,2437.808025686703,295.2795155673316,1880.4126754956585,236.5911960702922,1099.776910659174,193.30625752411606,561.3574114912423,167.26011799694732,2469.964504811697,263.12303644233725,1907.3199769993616,209.68389456658906,1100.8722047310503,192.21096345223987,547.8715470490457,180.74598243914386,0.0862079326681463,0.09884718553802516,0.1076680182877686,0.17361993516411792,213.75110149665846,189.05105559381414,120.43506341018102,99.12898948718842
35,3901-10-0,2017-04-24,1949.4318965517245,1947.5168965517241,1949.0601034482759,1969.5765714285712,1682.0870000000002,1658.508,1703.2510000000002,1712.1505000000002,925.2148849291076,941.6776614031296,977.7065125007512,1016.626276797097,3953.5593999999974,3922.6795999999977,3865.783999999998,3863.016749999999,0.47460744156576323,0.4835273383612051,0.5016297397761071,0.5161648912485381,29,29,29,28,2277.7347150741275,381.2665382274131,1768.7302374786402,290.611778112778,1080.975046973891,209.32793846013487,541.3363410714578,207.40683915735247,2284.598973824879,374.40227947666153,1797.5322510146439,261.80976457677434,1084.4303410946945,205.87264433933137,514.9587899053163,233.784390323494,0.11087577479268125,0.10854727750688405,0.12380947852331957,0.21529553611645064,257.01578199400507,195.3891839230196,136.20390107084756,118.61024195556158
36,3901-10-0,2017-04-25,1858.9761379310344,1854.5254137931038,1832.2291000000002,1856.4294137931038,1552.9340000000002,1607.0210000000002,1547.634,1553.7430000000002,726.9985306672479,744.5107270882919,742.2938446340576,746.234433739038,3134.7999999999997,3159.8472,3200.7517500000004,3230.6492,0.3910746974279982,0.4014562008969868,0.4051315660438192,0.40197296390295434,29,29,30,29,2324.6223493535144,440.4837962514084,1837.981682764036,321.983131317161,1098.4331409544222,258.27871049154624,551.3125579963055,213.0290055415726,2349.754676390834,415.35146921408887,1847.7280520209495,312.23676206024743,1065.0261418238954,291.6857096220731,535.4115371682384,228.93002636963968,0.10846258905107961,0.11507021727732836,0.13157127534072818,0.22074007452611663,256.4448632587941,215.1125459977174,146.99289399800827,123.77721259544983
37,3901-10-0,2017-04-26,2003.2592592592594,2001.9547777777784,1998.5517777777784,1987.7788148148154,1731.201,1630.111,1630.0980000000002,1606.0420000000001,1574.3238947538864,1623.6847100507896,1660.6722766089306,1701.165778621193,3814.516899999999,3871.875199999999,3954.109699999999,4137.720199999999,0.7858812520033082,0.8110496441148993,0.8309378296195351,0.8558124102855359,27,27,27,27,2383.110133423146,376.22174760350936,1882.601015837814,311.5446438431263,1147.3477480051504,212.43514268640592,606.8155270401846,210.98328607818962,2381.684134070907,377.6477469557485,1880.393941868851,313.7517178120893,1155.4336914219457,204.3491992696106,585.5810063235276,232.21780679484664,0.0925407263160546,0.09833188144390884,0.11858609315041582,0.18813170724720854,224.5815892237389,188.5166749775221,138.55619951815305,116.25611749056525
38,3901-10-0,2017-04-27,1588.9356764705883,1591.0597058823525,1586.9430588235293,1579.9132941176474,1585.9535,1500.8760000000002,1499.2315,1475.1715000000002,456.2056669652353,484.289464437649,582.8912491367306,642.4510493329919,2134.7170999999994,2313.103,2660.562599999999,2769.118149999998,0.2871139931721961,0.30438170399713377,0.36730445109281584,0.4066369032560037,34,34,34,34,2227.4945619757495,428.7945393913019,1729.0807165219344,353.0637312804324,1043.359832381296,280.3568882934844,524.4015843273933,202.22040614759294,2290.1182163900703,366.17088497698114,1770.2855961801224,311.8588516222444,1077.7783154104366,245.93840526434383,537.4692365066071,189.1527539683791,0.2011306038538974,0.2067285557064347,0.2160422237796994,0.2556461497119893,454.5580712355003,362.6688886853289,228.70060616094915,136.01844794521912
39,3901-10-0,2017-05-02,1925.4686428571433,1919.6159285714282,1887.9937586206893,1919.104892857143,1668.5,1607.6100000000001,1735.1360000000002,1708.5585,882.7861108688248,886.4801975905705,921.345539219549,899.1461505919088,3512.03145,3537.9011499999997,3667.888999999999,3666.892349999999,0.4584785704735684,0.46180081358789626,0.4880024285104925,0.46852371328868303,28,28,29,28,2340.4487294770206,471.2029045886625,1820.0013604634269,445.07510072340574,1022.6103124120176,230.14091105402906,502.51714267276793,103.66000417679857,2351.1894938562377,460.46214020944535,1847.1127990313237,417.9636621555089,989.6706531942011,263.08057027184554,475.2175218850282,130.9596249645383,0.1147271689443007,0.14739672063182896,0.12590680192032425,0.16953775262700482,273.26586925351376,273.01060481895803,131.03259564719295,86.70363130118122
40,3901-10-0,2017-05-03,2063.996307692308,2063.433423076923,2065.408884615385,2063.630769230769,1747.0,1782.065,1793.625,1749.6795000000002,824.9000362875864,895.9507540463225,1015.2724472114204,1121.5954165580495,3390.98925,3521.9130000000005,3485.4882500000003,3527.5185,0.39966158525248635,0.4342038584944071,0.49156002705996,0.5435058602930848,26,26,26,26,2269.434223593028,393.3618798257894,1749.9673982337965,328.93419772366656,1053.2687631456731,264.87175113342323,519.4338051413549,183.3332310409819,2364.6282688343404,298.1678345844771,1800.6882021049387,278.2133938525244,1057.304808892544,260.83570538655226,531.7520789828715,171.01495719946536,0.216563536469798,0.22104115784723663,0.22915679075703738,0.2535551884561234,501.2098580268273,394.47526296392033,246.14363259507525,134.31341206096857
41,3901-10-0,2017-05-04,2328.933,2329.106695652174,2326.06047826087,2330.7940000000003,2455.5840000000003,2513.1110000000003,2366.955,2329.654,1129.3821752692527,1151.8476009818248,1163.9976799525798,1136.6705248077908,4328.5999999999985,4364.714799999999,4525.578099999999,4341.010699999999,0.484935451242802,0.49454479828340175,0.5004159138729136,0.4876752406294982,23,23,23,23,2426.7026672216602,279.7839296660668,1865.2907881090523,263.21717600914144,1097.9011304276758,233.9936168612519,522.3568013039965,142.5285759048454,2427.399180418417,279.08741646931,1878.7735727711479,249.73439134704586,1092.8824563274534,239.01229096147426,516.6171439638961,148.2682332449458,0.09266050087095848,0.11462300489838768,0.14136102859909835,0.22545378048053955,229.91313773161255,218.61044714371528,158.68851879948673,120.41410262048942
42,3901-10-0,2017-05-05,2190.875,2195.52028,2193.2855600000003,2191.3969583333333,1605.171,1681.605,1642.488,1563.0735,1255.3563293210816,1257.27605723377,1254.3196954424498,1279.637214263904,4573.498599999999,4540.274799999998,4290.5524,4298.40015,0.5729931325708137,0.5726551782221615,0.5718907370376567,0.5839367483822429,25,25,25,24,2595.399172084399,714.2989940937136,2060.6920839409104,629.2655011167294,1214.5828373725872,357.334397035193,633.3001261845169,322.093485173005,2447.2624844316056,862.4356817465073,1943.1817798298985,746.7758052277413,1156.5316666357687,415.3855677720114,576.7148002247491,378.6788111327728,0.14069782475541284,0.16951600437993725,0.14952377808109155,0.26649078833210027,372.6970269626047,356.52352633463363,185.35392439534365,172.2487819911943
43,3901-10-0,2017-05-08,1781.8084516129031,1780.6314838709677,1777.8201290322584,1790.146866666667,1721.0,1755.959,1575.38,1619.8405000000002,614.3195691725299,627.6019702095095,680.7915776032946,705.0914057685998,2762.0,2705.7309999999998,2773.5535,2791.8855999999996,0.34477306952744796,0.3524603355013958,0.38293613987477904,0.3938734965816024,31,31,31,30,2346.587524714976,361.3900662611204,1839.0519214648507,363.4224573539,1078.3515160733555,195.97956141391865,548.2915094693332,182.95260063847445,2370.82315198022,337.1544389958767,1868.2461916593961,334.22818715935455,1072.6528031545622,201.6782743327119,531.1754142304981,200.06869587730955,0.109823940479501,0.14088822867089254,0.12841598030482368,0.2050168182038549,261.97147126841196,263.38371511827114,140.76660752898536,114.26710628157488
44,3901-10-0,2017-05-09,2062.9647692307694,2060.0657692307695,2060.424730769231,2058.3385,1665.0,1650.067,1658.1490000000001,1670.381,885.3005262238268,966.6695085264794,1112.2507434378476,1152.3100382167033,3703.967,3775.4235000000003,3815.4465,3858.8267500000006,0.4291399152463153,0.4692420615713811,0.5398162460526303,0.5598253339850094,26,26,26,26,2267.0869262422143,403.7088466058199,1789.6879104247128,370.624263548154,1051.7552439851652,277.9424965079961,524.2427099750252,244.12548251188343,2348.1656921087724,322.63008073926176,1878.7051881405805,281.6069858322862,1083.527509860473,246.17023063268834,513.6463714821317,254.72182100477687,0.22477062321372848,0.23385302514688358,0.238713805733894,0.29359422309996247,519.6661059347421,426.8123391547877,256.0406330824084,156.96274153321215
45,3901-10-0,2017-05-10,2158.4661600000004,2161.42456,2162.5761599999996,2167.8619200000003,1681.208,1742.517,1761.342,1782.2420000000002,1041.4459624894803,1047.3062695215635,1064.4209326286946,1074.5828612704763,4067.999999999999,4087.220999999999,4210.003799999999,4149.983199999999,0.4824935325784677,0.48454444763113247,0.4922004377541528,0.4956878717028602,25,25,25,25,2275.9716479676017,416.5055959853016,1779.3842051275506,419.4715931711039,1080.1579877209779,402.40825223951947,550.6030634793485,408.97695233719514,2354.417035903664,338.06020804923946,1826.647292478694,372.20850581996046,1066.709918323255,415.85632163724244,506.88034223201885,452.6996735845248,0.22783083994561087,0.24084005334965006,0.279899437490854,0.39572427758895834,529.2291320841371,437.38393695569937,308.5699930517288,222.37998768476496
46,3901-10-0,2017-05-11,2144.1978000000004,2143.29212,2141.5925199999997,2144.46096,1710.554,1735.1390000000001,1947.758,1869.777,1182.253888303467,1219.6301220822825,1259.6955083319779,1205.3526083139352,3979.3372,4053.2018,4055.6679999999997,3972.0453999999995,0.5513735198793072,0.5690452135298675,0.5882050374045843,0.5620771983249045,25,25,25,25,2247.258502709921,332.50381433900793,1721.6191620061113,280.6873565197043,1040.5924600581927,160.42930810797566,521.6599298132139,152.23855377856148,2343.0107197384377,236.75159731049098,1804.9338865926397,197.37263193317585,1104.0615198082883,96.96024835788012,542.3191425491834,131.57934104259198,0.21656638900887965,0.2186356492671176,0.23016539712321354,0.250894460162526,496.7163676999205,384.1691156136794,244.44721346391466,133.58045983303057
47,3901-10-0,2017-05-12,2394.818181818182,2393.1502272727275,2432.236238095238,2430.8852380952385,2030.4570000000003,2001.5020000000002,2055.879,2182.549,1049.1191690049252,1086.4311876874638,1093.7401484604059,1076.0752537453368,4362.7,4514.8831,4491.496,4361.838000000001,0.4380788391244041,0.4539753398287822,0.4496849982454618,0.4426680605409879,22,22,21,21,2369.7257044526073,289.19526895060926,1839.8898772898663,274.3126400095491,1107.8924617301955,156.26769108938606,527.6554156733422,146.16466746398976,2343.580027030715,315.34094637250155,1815.455739687301,298.74677761211433,1113.2918735455282,150.8682792740533,507.40104543323446,166.4190377040975,0.07725315038454787,0.091185830314176,0.1060604278733949,0.17705879617779322,187.3768662547658,171.72000010974025,120.26871622903639,95.6245930899899
48,3901-10-0,2017-05-15,2091.1727037037035,2092.8838888888895,2096.1310370370375,2119.826461538462,1805.0,1778.854,1722.142,1736.958,913.0356095165275,935.0319859524893,1068.1739794129435,1143.9958706624507,3627.4135000000006,3651.8740000000007,4012.7527,4012.86075,0.43661415812258747,0.44676725303136483,0.5095931316025208,0.5396648694687002,27,27,27,26,2232.050043691872,492.431734246828,1732.34035981304,394.8710357267835,1025.65410124342,207.40451277552597,509.22111093189415,154.95044052383514,2303.154156708927,421.32762122977283,1776.199816656398,351.0115788834255,1062.2245350557316,170.83407896321432,507.60958161751887,156.56196983821042,0.22698530304943626,0.23616790533783577,0.2353851760800805,0.26546676404043984,516.2937571922815,416.9167171431949,246.02273248249588,137.7563934209388
49,3901-10-0,2017-05-16,2139.2691999999997,2139.657640000001,2140.3314399999995,2144.2378400000002,1799.0,1722.182,1772.519,1723.8980000000001,977.9599699518212,995.9343183291875,1020.4111559868111,1062.3695573522066,3906.374799999999,3955.5001999999995,4039.7127999999993,4231.744799999999,0.45714675364457236,0.4654643339712923,0.4767538040682201,0.49545322703203787,25,25,25,25,2182.709924003065,486.7385498896024,1698.749325609009,445.33281746797024,949.1686158350352,300.04227855719444,469.10374042293654,191.2802294365349,2345.7141277783767,323.73434611429093,1832.9527270652713,311.1294160117079,1041.517581612419,207.69331277981064,510.7427911560103,149.64117870346115,0.3160916007115828,0.32334759101005334,0.3254421898575075,0.38536986620891006,704.1632607361539,560.6131887099795,315.2692451473516,184.5062285089229
50,3901-10-0,2017-05-17,1675.7187500000002,1677.1805937500003,1670.668696969697,1680.6505937500003,1541.3885,1615.5,1597.1160000000002,1577.8685,733.4112619049204,754.9379928455932,816.934711065375,828.286772808473,3304.0,3301.413,3307.7942000000003,3253.63385,0.43766966378153865,0.4501232578404874,0.4889866629734266,0.4928369858010368,32,32,33,32,2180.081108089359,567.1050619467524,1686.921084183696,487.5076155089025,994.22765754144,286.49542384521544,492.92872608191254,195.3532667102166,2258.4128394794266,488.77333055668487,1787.6799189089281,386.7487807836703,1049.3464424144854,231.37663897216999,524.0869416377977,164.1950511543314,0.26348726924298443,0.27011484644483524,0.2644106597787373,0.2781273924399527,583.3299415423561,462.7273847216422,266.96036095717955,139.22264259814762
51,3901-10-0,2017-05-18,1983.774740740741,1984.0701851851854,1979.1762592592595,1981.9812592592596,1748.767,1769.846,1710.1860000000001,1733.92,914.163597030708,893.5680649514508,895.5345523255754,906.3638937215685,3424.9323999999997,3293.9185,3436.4472,3414.9791999999998,0.46082026263191533,0.45037119736167425,0.4524784228468588,0.4573019494948759,27,27,27,27,2479.571801884664,22.736157064486633,1972.7660351970521,17.39559484546703,1257.876354186305,11.164451403816201,718.8594586666259,-46.39536369563348,2305.7152381265164,196.59272082263442,1795.152220930912,195.00940911160706,1071.428523639539,197.6122819505822,517.8922760102082,154.57181896078419,0.4241804440919566,0.5351454624769099,0.8206464200167062,1.4594512693578838,1071.8216849396943,1075.8274905974667,1051.9358124154903,1069.125770939759
52,3901-10-0,2017-05-19,2042.2592592592594,2040.2794814814815,2037.4061851851857,2067.4728846153844,1461.3120000000001,1538.295,1544.0910000000001,1598.758,1166.5752980237164,1185.372963969159,1293.10879983645,1273.2573587904162,4171.9173,4247.2012,4398.2205,4378.429250000001,0.571218023732619,0.5809855829694663,0.6346838491210901,0.6158520231462589,27,27,27,26,2433.4471221718186,693.5794748471208,1920.917571229657,556.7565971567651,1222.369447924697,246.94039834094906,681.7021681202409,192.44200882546147,2306.1987462986826,820.8278507202567,1820.8506483326487,656.8235200537733,1137.6294781450995,331.6803681205465,541.6563778112234,332.487799134479,0.19981124453478666,0.26554923297102595,0.43196794296235735,0.7892690608167093,495.4924559383183,519.8152167218103,538.082927693274,548.295854382006
53,3901-10-0,2017-05-22,1582.983176470589,1581.269647058824,1576.2197941176473,1582.1446470588235,1464.399,1487.8155000000002,1491.4295000000002,1502.6510000000003,601.8394104762435,629.8043911244902,705.751332008008,709.9687361765831,2526.2449999999994,2507.4603499999994,2670.0590999999995,2764.5126499999997,0.3801931817229426,0.39829031835015116,0.44774931430364434,0.4487381969129064,34,34,34,34,2316.3525616413463,569.7086936567134,1809.7078861252778,444.6092154377095,1072.1383558448736,307.6921203745658,534.7937836100947,223.65451749897113,2289.760198945105,596.3010563529547,1813.5946482668514,440.7224532961359,1061.1283095246692,318.7021666947701,530.608973810997,227.83932729806884,0.2163281369136236,0.2297292515140027,0.23211520092452848,0.2958641533738149,508.4078361576217,421.81239770717997,252.49278907224735,160.5363053459229
54,3901-10-0,2017-05-23,1899.1146551724141,1895.8703448275862,1889.3671379310344,1891.3308620689656,1666.5900000000001,1722.314,1795.662,1785.5970000000002,602.3788599463247,644.1584993191991,794.7048649096868,832.3084076971762,3060.9497999999994,3120.7405999999996,3319.085199999999,3366.059799999999,0.31718930624103725,0.3397692785672957,0.420619607992089,0.4400649428343262,29,29,29,29,2378.842731869746,694.5884701435407,1847.158452415669,634.6049866996439,1086.6545657115869,366.5130443880705,561.5083447884441,303.95052236012987,2475.3385377854197,598.0926642278669,1890.0009830916765,591.7624560236363,1096.6990204411516,356.46858965850583,553.0410807891888,312.4177863593852,0.23404661149764008,0.24139768413294338,0.23484584423319696,0.29381365723357755,566.6150064739751,453.79241674883025,259.71340838305116,167.89902617699533
55,3901-10-0,2017-05-24,2278.875,2279.3708333333334,2281.1964166666667,2307.784347826087,1973.2360000000003,1911.525,1905.496,1981.13,996.6545711215051,1032.154691531377,1037.720606711565,1018.817569650346,3999.7923,3985.7601999999997,4118.9332,4100.5539,0.43734499308716146,0.4528243831311829,0.45490190986180173,0.44147000589984214,24,24,24,23,2273.7555654081875,248.884091350571,1757.6512974332663,235.83739300015304,1057.3844109348843,242.02076725648385,522.8268367871929,182.56045511825005,2308.275624283182,214.36403247557655,1769.418796132613,224.06989430080648,1069.721203150056,229.68397504131212,498.2720455984079,207.11524630703502,0.09243632376308893,0.10602838256168096,0.12532660860118347,0.17974340106375392,214.51162045221193,190.203821758548,135.2510278933217,95.91249982614501
56,3901-10-0,2017-05-25,2201.166666666667,2202.2942916666666,2188.217958333333,2145.5431599999997,2004.2415,2073.579,2083.5915,2009.537,998.6179318082641,990.6221995165454,935.925305876047,968.7497348139284,4089.7834499999985,4129.517899999998,4083.457199999997,3979.4371999999976,0.453676655625773,0.44981372528866514,0.42771118951464004,0.4515172441527247,24,24,24,25,2391.71389952132,372.2487429922676,1819.9892532524486,327.8979425949451,1064.4211018557255,158.46596512258748,538.0718756524304,121.08692700683912,2386.934894796293,377.02774771729446,1860.4276482908458,287.45954755654793,1065.1112579686887,157.77580900962425,549.3431144304295,109.81568822884003,0.11021133155242098,0.1267710866963965,0.10277257230639185,0.12648003719350642,269.02947270476744,235.4796709093618,111.64906382769858,69.45870159877951
57,3901-10-0,2017-05-26,1609.3091515151514,1606.8384411764705,1602.8317941176476,1624.8809393939393,1485.7140000000002,1611.162,1620.4585000000002,1602.71,623.1537731826874,600.5174557283881,599.4714004900499,624.2528642303103,2778.7747999999997,2754.04165,2692.5188499999995,2791.9345999999996,0.38721818775217504,0.37372609488276265,0.3740076798389543,0.38418375715770836,33,34,34,33,2285.8245977336346,250.3571167617779,1768.4713850943526,253.2452874074388,1077.2114954267909,123.63524394272281,532.5412680380676,133.46420080094072,2319.9026797097076,216.27903478570488,1785.8288349101067,235.88783759168473,1088.2169244737197,112.62981489579397,533.544034256023,132.46143458298536,0.08003367819786938,0.08851055207835393,0.09221195853012067,0.13859445479463847,185.61379155268054,158.81358532726364,100.78195745658456,74.88480204270947
58,3901-10-0,2017-05-29,3003.896111111111,3001.800277777778,2998.8757777777773,2997.937722222222,2578.1735000000003,2566.13,2577.8630000000003,2641.1405000000004,1513.5134565380874,1568.9338525877185,1559.3435911333884,1589.8157325693921,5076.114699999999,5108.3353,5239.6032,5279.679349999999,0.503850133478236,0.5226643038853986,0.5199760532558274,0.5303031216375439,18,18,18,18,2256.3037026964616,307.0387953525319,1742.6293917679197,245.34121130006838,1048.57337387029,137.5738984930622,503.78768923443226,134.66199771389938,2282.054535078125,281.28796297086865,1760.9722618964388,226.99834117154933,1050.5169521039393,135.63032025941288,492.98038804206385,145.4692989062678,0.09112806081674896,0.092370129905347,0.1004652647224295,0.16141068938354844,211.57360041554665,165.63357701864476,108.3993181421003,83.67421274131296
59,3901-10-0,2017-05-30,1834.2375333333334,1835.7390666666665,1830.9898333333333,1852.798172413793,1655.7065000000002,1666.7040000000002,1706.5330000000001,1656.383,770.9289108402675,744.7329917251728,806.033953564552,813.9595030237364,3481.2193,3339.27225,3596.52365,3478.4608,0.4202993869824861,0.40568564740383195,0.4402176019170789,0.43931363660798745,30,30,30,29,2341.889114482953,354.2986994859216,1844.6356425360789,367.5194550432782,1091.3927251542302,267.6800696654125,540.0417006616906,196.8646206855792,2346.979497344535,349.20831662433966,1849.2201703369878,362.9349272423692,1085.4519855717667,273.62080924787597,539.0511944367639,197.85512691050587,0.10705853921082857,0.1310582984299188,0.12917886454219749,0.20118335558654635,255.00533682745885,245.8876687375711,143.3950454209967,110.5047565762924
60,3901-10-0,2017-05-31,1904.5157586206897,1919.400793103448,1939.3238275862072,1983.8668571428573,1735.0,1755.3310000000001,1812.865,1809.3285,810.1660337878129,822.775036058954,910.4442147388459,958.422407900404,3618.6000000000004,3671.9942,3711.8072,3860.1219499999997,0.42539213977129847,0.428662444558347,0.46946477003380943,0.483108231003321,29,29,29,28,2306.428748776381,329.14291491870927,1803.2417626686545,289.14193254234965,1057.7114498737442,209.02729121762877,509.0678082628563,141.1228802664604,2374.027648833153,261.5440148619373,1829.5867317795728,262.7969634314313,1015.1725099266723,251.56623116470064,485.201888065684,164.98880046363274,0.10405482909411387,0.11820396215469099,0.12306042228183267,0.1593984912448519,244.24307904893556,216.92318602594383,132.4663561418409,82.58094041247425
61,3901-10-0,2017-06-01,1579.1176470588234,1575.2702352941178,1597.7740857142858,1631.7651764705884,1554.104,1531.823,1459.093,1552.3780000000002,662.2902756193332,733.1933519595638,829.1899101050151,849.7510606911092,2534.2331499999996,2860.3519,2750.007999999998,3108.7381499999997,0.4194052779112932,0.4654397293443875,0.5189656770120448,0.5207557269539668,34,34,35,34,2286.8498334000597,401.3120341583276,1769.7644329302227,399.7673861075457,1032.371515978814,203.88183265616863,494.5575352252274,169.97117989372475,2317.726005785775,370.43586177261204,1776.4814439711904,393.050375066578,1084.2749634376003,151.9783851973823,497.49240287166845,167.03631224728372,0.21015231039523863,0.21946371289831082,0.2094164431099251,0.25040624381937887,487.603012490407,394.0694328115776,219.35187752076038,125.64827789804073
62,3901-10-0,2017-06-02,1665.857142857143,1661.814071428572,1646.6814642857146,1668.0025555555553,1657.0855000000001,1657.844,1593.3305,1630.39,637.8880273049621,632.6550405483655,650.5427652906731,641.4414085314977,2595.75785,2553.2204,2551.91725,2600.7608999999998,0.3829188055170855,0.38070145837946,0.39506290645766196,0.3845566101772879,28,28,28,27,2382.3365920394617,221.1234610167876,1841.7350801246807,207.51184159430204,1113.1228274965895,118.01733790446042,549.3816216860153,195.43585056980294,2397.013988023976,206.4460650322735,1817.4043804552218,231.84254126376095,1126.6657715541105,104.47439384693939,536.9842472510094,207.8332250048088,0.06758419555128599,0.07760469432309988,0.08457997600130689,0.17902403542307252,163.96282931427064,145.55002572340948,95.87553057822862,100.15729873897918
63,3901-10-0,2017-06-05,1636.332909090909,1635.2514242424247,1630.486939393939,1638.8660909090909,1625.438,1583.452,1546.246,1661.1070000000002,640.9311884230614,647.7023579498646,631.9655484752977,668.0059506422062,2574.3111999999996,2576.1816,2481.7178,2621.3092,0.3916875257242984,0.39608732232104954,0.3875931374894685,0.40760252124788215,33,33,33,33,2249.7916974628192,324.9032941860405,1757.3832748961472,291.03281851761494,1049.9485505596865,224.05175767839023,511.81436430516624,198.63548278510245,2332.5898724970693,242.1051191517904,1846.1652679951867,202.25082541857546,1093.668982526968,180.33132571110878,520.7291672942456,189.7206797960231,0.1967639055492298,0.20301092923286337,0.22050984632597473,0.29076388657444513,449.3349836617393,362.1332452233542,235.00575272050924,151.05511098648586
64,3901-10-0,2017-06-06,1636.8181818181818,1634.837484848485,1603.1297352941178,1614.1587272727274,1605.0,1676.0590000000002,1590.452,1730.9370000000001,708.6728555506701,726.5140172050245,768.386262517725,762.7161561985754,2661.4541999999997,2741.5766,2586.8405000000002,2423.6432000000004,0.4329575901725838,0.4443952527014372,0.47930385520343005,0.4725162050743646,33,33,34,33,2415.9320796238417,310.4804307912418,1894.3489055942453,307.3761384402553,1122.2622848972826,238.88607338707152,583.7137648563165,233.70818782277297,2440.439124851492,285.97338556359136,1891.0171917439704,310.7078522905301,1099.140547440406,262.00781084394816,579.7197916822852,237.7021609968043,0.11344567550778664,0.1282039647446584,0.13485930875673355,0.1915160407598299,278.07838317883585,246.40867370074568,153.5570856505855,113.42261433225758
65,3901-10-0,2017-06-07,1922.2484642857141,1920.9670357142859,1907.191620689655,1929.1557857142855,1763.029,1744.2310000000002,1691.114,1718.4905,908.448511040154,898.9253331987892,940.8273196039223,947.6271584852566,3531.6187499999996,3581.4973,3665.2248,3655.8036500000003,0.47259681977570117,0.46795458562595055,0.4933050824036821,0.49121339266771036,28,28,29,28,2354.2891485522505,348.12899859740537,1824.214813392374,282.4870150916238,1035.6127130629675,269.07036877849396,501.8932860859935,187.95026525228468,2382.1937458300613,320.22440131959456,1862.9661754533195,243.73565303067835,1049.058344388212,255.6247374532495,495.34227516255714,194.50127617572105,0.1046319411529133,0.12047588858373666,0.15313333280759714,0.2578979403090679,250.6940731869122,223.66400616487724,161.39389065425405,131.72834728883302
66,3901-10-0,2017-06-08,1685.4882903225807,1684.026870967742,1679.8198125000004,1683.4566875,1580.0,1728.449,1651.4545,1623.855,644.4275601696022,668.2969457558889,702.3159932117882,779.8947418284349,2891.9490000000005,2890.4305000000004,3004.4051,3333.8534499999996,0.3823387939682851,0.39684458560441244,0.41809007608176907,0.4632698587491488,31,31,32,32,2197.193437645795,482.8696962791273,1719.0064408857857,413.26500746832016,999.281415679396,266.87180653977623,500.8655816818301,158.72351268355828,2357.7925661393283,322.2705677855938,1811.2109022210643,321.0605461330415,1022.0245597459444,244.1286624732278,519.3071636351259,140.2819307302625,0.27601755127815336,0.2782456004951449,0.2835765155408896,0.29229200579099013,616.1679917492148,485.95936102927993,287.9069936807181,148.7415383310891
67,3901-10-0,2017-06-09,1792.666666666666,1801.458925925926,1802.6882692307695,1802.0283846153848,1577.0,1649.9920000000002,1681.1535000000001,1608.217,710.8356035381069,714.5895911779296,763.5578878891401,787.2914190667686,3085.1068999999998,3099.1777,3144.8095000000003,3249.66175,0.39652413733996306,0.3966727083775391,0.4235662376695668,0.43689179692627533,27,27,26,26,2326.617512297439,290.17882513349923,1815.1072767952994,270.6659410064219,1049.9369046203844,183.3499451297423,504.61658630402235,111.41155580874977,2344.991788805458,271.8045486254805,1830.4342738190253,255.33894398269604,1060.9942613243538,172.29258842577292,496.42323959129726,119.60490252147486,0.07796752889647708,0.09985635272783124,0.11215312613410923,0.17051214792758312,184.85617849034014,184.7026835219303,119.99683538888236,87.68232448952551
68,3901-10-0,2017-06-12,2070.3412692307693,2083.0912692307693,2100.2266153846153,2166.76664,1855.5000000000002,1904.0415,1847.1145000000001,1883.063,793.8061592582188,819.9418338620153,985.1057992530173,1156.7916967483413,3503.261,3496.8160000000003,3816.1457500000006,4413.915999999998,0.3834180243883926,0.3936178150104763,0.4690473837617825,0.5338792260288544,26,26,26,25,2094.4630586271833,477.45493963198624,1643.251219936917,381.3195477390593,996.3566453213326,227.0531208315764,525.0842188685839,179.57908532383942,2278.307261894641,293.6107363645283,1749.9590439754922,274.61172370048416,1045.3612669144475,178.04849923846155,510.8090058349096,193.8542983575137,0.3053793625617147,0.3077386070812683,0.3586183304951027,0.6304012460241029,651.7898560547337,515.3249326443988,364.11830655041683,337.31933616312017
69,3901-10-0,2017-06-13,2230.7713478260866,2232.6813043478255,2251.1590833333335,2258.405083333334,1860.0030000000002,1897.807,1873.5230000000001,1858.064,1270.7211243731078,1308.8508729014386,1413.4821384078066,1541.8922796770355,3661.5647000000004,4059.7595999999994,4843.508799999997,5408.613949999998,0.5696330668813013,0.5862237796109279,0.6278908269400655,0.6827350376847592,23,23,24,24,2241.8772301798704,482.8659077785378,1742.2010626196368,449.89567530949193,1045.6608633099693,322.4271199770769,518.5599672164404,220.612341739557,2543.850977472902,180.89216048550634,1920.2265102451684,271.87022768396037,1102.4041835035684,265.68379978347775,534.3452824037723,204.8270265522251,0.325448802114161,0.3323522220501385,0.33075519240187956,0.35791648761874284,745.3087265559269,591.4779566621287,353.2964123281858,189.59304161033913
70,3901-10-0,2017-06-14,1867.4137931034484,1867.680379310345,1886.3430000000005,1805.7123000000004,1620.737,1596.084,1583.0420000000001,1525.6260000000002,1048.3617974779706,1033.5545378452603,1097.2484372618424,1127.9644768749301,3985.3323999999993,3978.7977999999994,4120.6152999999995,4183.858049999998,0.5613976941531003,0.5533894071462635,0.5816802337972692,0.6246645586204015,29,29,28,30,2372.1913286508366,412.76992750341697,1849.6638578318973,388.2499525989331,1073.7133828479061,328.5207274247389,530.4150995449606,221.55196955505482,2402.2776429688943,382.68361318535926,1887.7644573372158,350.14935309361454,1070.684338141675,331.54977213097004,508.6253892872551,243.3416798127604,0.11107689238899447,0.13273341128411717,0.15018448422116734,0.2107537871630574,267.8512358632335,249.57052130107144,163.9206445835512,113.6348350411701
71,3901-10-0,2017-06-19,1787.9682666666668,1773.8064000000002,1749.4414193548387,1738.4187741935484,1640.5,1622.018,1609.218,1608.596,655.7028380374827,636.2523498018584,660.3581892481674,712.8177504677107,3188.25,3065.0919000000004,3059.648,3001.945,0.3667306910652941,0.3586932315735575,0.37746802033056653,0.4100379960509725,30,30,31,31,2218.1942423191545,400.04722951968006,1723.8490060209606,351.4229993219792,1022.3967821095719,221.9247136172828,506.6890141091277,138.33645384591648,2265.764059157433,352.47741268140135,1746.2924563753386,328.9795489676012,1033.3020118410832,211.01948388577148,516.7775030998414,128.24796485520278,0.20586808310699142,0.20991573449920856,0.20847671464126963,0.23268025165217054,464.2039310933199,367.84464260704334,216.66923397858298,119.84536226895494
72,3901-10-0,2017-06-20,2701.95,2699.9848500000003,2697.1911500000006,2774.9056,2984.191,2976.4795000000004,2977.3195000000005,2869.5950000000003,1398.8087118737858,1432.884604009184,1507.8348582888218,1560.7710840805041,4344.672400000001,4420.855800000002,4417.433350000002,4717.871850000001,0.5177034037912567,0.5307009793070445,0.5590389314041837,0.5624591640452576,20,20,20,20,2199.5271079181803,601.0532679475609,1717.298696611033,487.6896412497267,1015.8113732395922,272.1391460778465,505.64833174814436,121.50283466203376,2329.4994498965043,471.0809259692369,1810.6293622349272,394.3589756258325,1019.498480024638,268.4520392928007,516.3119869245081,110.83917948567,0.25956198246618783,0.2659240982039265,0.2617396949590379,0.268333103536109,585.0123721114552,467.9486352155966,272.44404046855124,139.03286813566126
73,3901-10-0,2017-06-21,1583.1764705882354,1583.5559705882354,1581.072470588235,1589.3323235294124,1580.1370000000002,1522.6680000000001,1640.772,1617.8180000000002,402.3827671698765,407.10434155739233,413.27684368605156,411.91787012157926,2107.1454999999996,2152.5623499999992,2212.7684499999987,2228.1372999999985,0.2541616646313406,0.2570823823841019,0.2613901964482961,0.2591766769122507,34,34,34,34,2339.3939449856457,257.4333640913237,1809.9638258158932,273.5831656191747,1096.244896599738,211.79234011373455,549.4468169260442,166.1481522805932,2355.271388960904,241.5559201160654,1820.3183416147335,263.22864982033434,1091.7338308035141,216.30340590995843,518.535012262068,197.05995694456942,0.08500366157641041,0.09720747157434384,0.12503344471103242,0.23976490179803714,201.76022740514597,178.51063947378893,139.06836364493384,133.66134722605466
74,3901-10-0,2017-06-22,1685.8719375000003,1683.4319375000005,1680.6647812500005,1662.4404545454547,1539.4785000000002,1534.4515000000001,1577.593,1615.345,667.5477335760917,688.8136718341713,733.7196664584193,747.1640925345271,3334.37065,3398.7880999999998,3500.06545,3546.2364000000002,0.39596586118279314,0.40917227271873063,0.4365651465087004,0.4494381079885457,32,32,32,33,2259.889161525096,348.84205835950706,1753.6195129933321,320.2288508684296,1059.8330895704223,206.2485761768271,536.040994983493,118.09135551188967,2261.034604557933,347.69661532666987,1762.2290423749191,311.61932148684264,1042.7819009849811,223.2997647622683,529.367523560642,124.76482693474065,0.10374172751132148,0.12609196490877775,0.12985047244996434,0.16287225476710376,238.079825558463,224.5457102035075,139.75359537842797,88.6598708062019
75,3901-10-0,2017-06-23,1924.0468214285718,1925.967071428571,1924.5455714285713,1936.2776428571433,1660.685,1662.533,1740.1065,1838.0595000000003,746.6952457370909,783.3555661618865,840.4267910958905,775.4427803938721,3323.8063,3363.8896999999997,3428.0195,3414.2693,0.38808579781997327,0.406733623737834,0.4366884336607576,0.40048119300166063,28,28,28,28,2311.097213518256,298.43774202810755,1788.468499252934,298.86032558095235,1086.7462856939944,152.33035556798927,511.6426844942836,158.18562988045034,2349.7522410302545,259.7827145161091,1810.2447354753842,277.08408935850207,1046.7432593499084,192.3333819120753,522.8245932729378,147.00372110179615,0.111505827650891,0.14186912050013822,0.2716458021101925,0.24953127916138665,262.26223793587405,258.2195707733747,300.43542906033184,129.930690099355
76,3901-10-0,2017-06-26,1672.9933939393936,1686.076424242424,1671.3981212121212,1675.6333437499995,1611.0,1596.825,1519.691,1617.2685000000001,680.6840043139483,677.7133909058659,664.1681621103083,682.7861223452045,3019.254399999999,3283.2295999999997,2989.6889999999994,3019.7718999999997,0.4068659247429204,0.40194701803648747,0.397372806443413,0.40747943151880517,33,33,33,32,2311.9288202378807,237.4605453275367,1798.1101794066522,243.20388688869616,1056.7743982325144,209.51466145869858,509.68542615456727,169.34360877013705,2344.112291018765,205.27707454665233,1807.3695121965955,233.94455409875286,1040.3437543638895,225.94530532732347,487.35751513779746,191.67151978690686,0.08919706288587326,0.09832746744867413,0.0983841367858717,0.1592656252733274,209.4146178644522,179.5449250066591,105.5818685356688,82.43397598339976
77,3901-10-0,2017-06-27,1541.3714285714289,1541.6366285714287,1539.269485714286,1533.1603714285714,1515.0,1484.6170000000002,1422.501,1457.0110000000002,629.886324712562,647.65250528201,633.9845519366972,649.1432661721541,2917.1557,2946.0402999999997,2945.9006999999997,2920.9279999999994,0.40865317277637103,0.42010710778334515,0.41187365683566557,0.4234020643041367,35,35,35,35,2330.3239067310988,429.6188523762944,1831.3665065966707,426.44782486453687,1109.8937318606777,356.9807849542094,561.2111182301392,375.2964935258574,2335.7410444165953,424.20171469079787,1795.805140805896,462.0091906553116,1085.2555656522422,381.61895116264486,516.7282634639471,419.77934829204946,0.11017633262257488,0.13974374893805278,0.14658589065576008,0.3052149726684137,260.38851869420836,259.55230222806625,165.00260359856273,173.71980337500892
78,3901-10-0,2017-06-28,1492.0555555555557,1491.9903333333332,1493.2570555555553,1496.574888888889,1527.0375,1461.402,1499.158,1532.212,572.797004728324,614.2682141425565,659.4193943760329,681.3620220418502,2471.4285,2534.22325,2706.186,2848.8275000000003,0.38389790688125375,0.4117105857986278,0.44159804363402166,0.45528093989851576,36,36,36,36,2320.606974826584,261.3020449072578,1800.4126911205647,276.20672953825647,1089.5072262385152,179.73150329063697,541.1140821201651,136.02938070997573,2318.1199820232237,263.78903771061823,1787.3504398665484,289.2689807922727,1074.006419521279,195.23231000787314,534.7256425283067,142.41782030183413,0.07484783083447252,0.08791179442851213,0.08775646230036353,0.14922351614536142,176.15624330960026,160.52269359898554,96.96755621704638,81.89234993119219
79,3901-10-0,2017-06-29,1689.6548749999997,1700.3305312500006,1707.5027499999997,1712.0458387096778,1476.8435,1460.8595,1494.7690000000002,1481.1180000000002,813.1264440552798,835.4553264645183,876.6772151792169,873.8272767754544,3429.1531999999997,3379.8601,3523.74465,3532.0635,0.4812381842506624,0.49134877667010546,0.5134265319216716,0.5103994630389301,32,32,32,31,2342.179499979279,340.8555271340433,1819.279192778649,252.05424710882812,1096.766850768115,212.57304771596364,570.6874863638236,173.9937190789865,2357.3200231587007,325.7150039546218,1854.9652903231088,216.36814956436842,1104.06001555458,205.27988292949863,588.2958518038238,156.38535363898632,0.1023903417725432,0.11581996507689489,0.13994627278117394,0.24490175183086776,243.53486742616155,213.97585131221928,155.868240417929,141.92935275875527
80,3901-10-0,2017-06-30,1838.9745,1837.3542333333344,1837.6106333333332,1828.7875862068968,1659.8015,1636.862,1634.7735000000002,1637.634,964.3546807147952,963.2819373403537,895.7137048985779,942.2018007451072,3728.9401499999994,3702.08175,3529.7932999999994,3666.1076,0.5243980711612887,0.5242766581775384,0.4874338930406592,0.5152057066940922,30,30,30,29,2331.8452551428877,371.18483421159317,1840.3208061324067,384.657625482047,1056.457100450198,302.93012468110396,539.4876900662442,327.0130156889328,2342.4250284373675,360.6050609171134,1828.7805146028081,396.1979170116456,1068.7915428268839,290.595682304418,507.6084106525067,358.89229510267035,0.09312466872013847,0.1381600951213373,0.15126120836819992,0.31746577799303366,220.86459121655392,258.6055184296571,162.53281613354736,174.1967644826484
