,Unnamed: 0,route,ewt_mean,ewt_perc_25,ewt_perc_50,ewt_perc_75,rbt_geral,rbt_perc_25,rbt_perc_50,rbt_perc_75,latitude,longitude
1123,25,1780-10-0,1.5380600835973108,1.5262457939336058,1.5229187143274423,1.5403379609612442,0.3677560970822928,0.419573628299392,0.4599968706909277,0.4596524561670176,-23.448494933442674,-46.57888812668429
1124,25,1780-10-0,1.5380600835973108,1.5262457939336058,1.5229187143274423,1.5403379609612442,0.3677560970822928,0.419573628299392,0.4599968706909277,0.4596524561670176,-23.45034081717534,-46.57973232955715
1125,25,1780-10-0,1.5380600835973108,1.5262457939336058,1.5229187143274423,1.5403379609612442,0.3677560970822928,0.419573628299392,0.4599968706909277,0.4596524561670176,-23.452025643172693,-46.58153300745588
1126,25,1780-10-0,1.5380600835973108,1.5262457939336058,1.5229187143274423,1.5403379609612442,0.3677560970822928,0.419573628299392,0.4599968706909277,0.4596524561670176,-23.453850164570817,-46.58380675163536
1127,25,1780-10-0,1.5380600835973108,1.5262457939336058,1.5229187143274423,1.5403379609612442,0.3677560970822928,0.419573628299392,0.4599968706909277,0.4596524561670176,-23.456219904193674,-46.5848683428306
1128,25,1780-10-0,1.5380600835973108,1.5262457939336058,1.5229187143274423,1.5403379609612442,0.3677560970822928,0.419573628299392,0.4599968706909277,0.4596524561670176,-23.457569416491534,-46.58527326300389
1129,25,1780-10-0,1.5380600835973108,1.5262457939336058,1.5229187143274423,1.5403379609612442,0.3677560970822928,0.419573628299392,0.4599968706909277,0.4596524561670176,-23.459739596214032,-46.58506595595071
1130,25,1780-10-0,1.5380600835973108,1.5262457939336058,1.5229187143274423,1.5403379609612442,0.3677560970822928,0.419573628299392,0.4599968706909277,0.4596524561670176,-23.4610083555643,-46.58304909092839
1131,25,1780-10-0,1.5380600835973108,1.5262457939336058,1.5229187143274423,1.5403379609612442,0.3677560970822928,0.419573628299392,0.4599968706909277,0.4596524561670176,-23.46266766585547,-46.583066031163256
1132,25,1780-10-0,1.5380600835973108,1.5262457939336058,1.5229187143274423,1.5403379609612442,0.3677560970822928,0.419573628299392,0.4599968706909277,0.4596524561670176,-23.464656723675184,-46.583513250545934
1133,25,1780-10-0,1.5380600835973108,1.5262457939336058,1.5229187143274423,1.5403379609612442,0.3677560970822928,0.419573628299392,0.4599968706909277,0.4596524561670176,-23.46679296114517,-46.585538325290216
1134,25,1780-10-0,1.5380600835973108,1.5262457939336058,1.5229187143274423,1.5403379609612442,0.3677560970822928,0.419573628299392,0.4599968706909277,0.4596524561670176,-23.46787844794538,-46.58899916933043
1135,25,1780-10-0,1.5380600835973108,1.5262457939336058,1.5229187143274423,1.5403379609612442,0.3677560970822928,0.419573628299392,0.4599968706909277,0.4596524561670176,-23.468050433075124,-46.593548525457706
1136,25,1780-10-0,1.5380600835973108,1.5262457939336058,1.5229187143274423,1.5403379609612442,0.3677560970822928,0.419573628299392,0.4599968706909277,0.4596524561670176,-23.46824138882152,-46.59550119163927
1137,25,1780-10-0,1.5380600835973108,1.5262457939336058,1.5229187143274423,1.5403379609612442,0.3677560970822928,0.419573628299392,0.4599968706909277,0.4596524561670176,-23.46945841270723,-46.59646577692185
1138,25,1780-10-0,1.5380600835973108,1.5262457939336058,1.5229187143274423,1.5403379609612442,0.3677560970822928,0.419573628299392,0.4599968706909277,0.4596524561670176,-23.471634054560703,-46.59745123438308
1139,25,1780-10-0,1.5380600835973108,1.5262457939336058,1.5229187143274423,1.5403379609612442,0.3677560970822928,0.419573628299392,0.4599968706909277,0.4596524561670176,-23.47412003402361,-46.59869844789206
1140,25,1780-10-0,1.5380600835973108,1.5262457939336058,1.5229187143274423,1.5403379609612442,0.3677560970822928,0.419573628299392,0.4599968706909277,0.4596524561670176,-23.478396511372427,-46.60243570296571
1141,25,1780-10-0,1.5380600835973108,1.5262457939336058,1.5229187143274423,1.5403379609612442,0.3677560970822928,0.419573628299392,0.4599968706909277,0.4596524561670176,-23.481244988240682,-46.6041822913705
1142,25,1780-10-0,1.5380600835973108,1.5262457939336058,1.5229187143274423,1.5403379609612442,0.3677560970822928,0.419573628299392,0.4599968706909277,0.4596524561670176,-23.482955604910522,-46.60670849821927
1143,25,1780-10-0,1.5380600835973108,1.5262457939336058,1.5229187143274423,1.5403379609612442,0.3677560970822928,0.419573628299392,0.4599968706909277,0.4596524561670176,-23.485803887262982,-46.60840498105088
1144,25,1780-10-0,1.5380600835973108,1.5262457939336058,1.5229187143274423,1.5403379609612442,0.3677560970822928,0.419573628299392,0.4599968706909277,0.4596524561670176,-23.487813675071248,-46.609051248447344
1813,46,2100-10-0,1.2417745085052867,1.4012437461763978,1.4822460219000977,1.9321888444088755,0.25304045284422483,0.31356506957132385,0.37294066839228057,0.5166758926781801,-23.558809246827078,-46.52133331077672
1814,46,2100-10-0,1.2417745085052867,1.4012437461763978,1.4822460219000977,1.9321888444088755,0.25304045284422483,0.31356506957132385,0.37294066839228057,0.5166758926781801,-23.56108819367167,-46.52199698566888
1815,46,2100-10-0,1.2417745085052867,1.4012437461763978,1.4822460219000977,1.9321888444088755,0.25304045284422483,0.31356506957132385,0.37294066839228057,0.5166758926781801,-23.563219587945863,-46.52274488474218
1816,46,2100-10-0,1.2417745085052867,1.4012437461763978,1.4822460219000977,1.9321888444088755,0.25304045284422483,0.31356506957132385,0.37294066839228057,0.5166758926781801,-23.56493525657784,-46.52434480826508
1817,46,2100-10-0,1.2417745085052867,1.4012437461763978,1.4822460219000977,1.9321888444088755,0.25304045284422483,0.31356506957132385,0.37294066839228057,0.5166758926781801,-23.566592205286717,-46.52666964084178
1818,46,2100-10-0,1.2417745085052867,1.4012437461763978,1.4822460219000977,1.9321888444088755,0.25304045284422483,0.31356506957132385,0.37294066839228057,0.5166758926781801,-23.569429025187283,-46.52844460721673
1819,46,2100-10-0,1.2417745085052867,1.4012437461763978,1.4822460219000977,1.9321888444088755,0.25304045284422483,0.31356506957132385,0.37294066839228057,0.5166758926781801,-23.57128788277685,-46.53156187327619
1820,46,2100-10-0,1.2417745085052867,1.4012437461763978,1.4822460219000977,1.9321888444088755,0.25304045284422483,0.31356506957132385,0.37294066839228057,0.5166758926781801,-23.573014726559773,-46.53343213774519
1821,46,2100-10-0,1.2417745085052867,1.4012437461763978,1.4822460219000977,1.9321888444088755,0.25304045284422483,0.31356506957132385,0.37294066839228057,0.5166758926781801,-23.572053331735074,-46.535953115324965
1822,46,2100-10-0,1.2417745085052867,1.4012437461763978,1.4822460219000977,1.9321888444088755,0.25304045284422483,0.31356506957132385,0.37294066839228057,0.5166758926781801,-23.57099742593341,-46.538393263017
1823,46,2100-10-0,1.2417745085052867,1.4012437461763978,1.4822460219000977,1.9321888444088755,0.25304045284422483,0.31356506957132385,0.37294066839228057,0.5166758926781801,-23.56883378889888,-46.5404301749692
1824,46,2100-10-0,1.2417745085052867,1.4012437461763978,1.4822460219000977,1.9321888444088755,0.25304045284422483,0.31356506957132385,0.37294066839228057,0.5166758926781801,-23.56735896454484,-46.54186629961757
1825,46,2100-10-0,1.2417745085052867,1.4012437461763978,1.4822460219000977,1.9321888444088755,0.25304045284422483,0.31356506957132385,0.37294066839228057,0.5166758926781801,-23.566876053851434,-46.54400170111482
1826,46,2100-10-0,1.2417745085052867,1.4012437461763978,1.4822460219000977,1.9321888444088755,0.25304045284422483,0.31356506957132385,0.37294066839228057,0.5166758926781801,-23.56476742702722,-46.54602603240661
1827,46,2100-10-0,1.2417745085052867,1.4012437461763978,1.4822460219000977,1.9321888444088755,0.25304045284422483,0.31356506957132385,0.37294066839228057,0.5166758926781801,-23.563787310762663,-46.54896081442303
1828,46,2100-10-0,1.2417745085052867,1.4012437461763978,1.4822460219000977,1.9321888444088755,0.25304045284422483,0.31356506957132385,0.37294066839228057,0.5166758926781801,-23.562303876293818,-46.5511223949007
1829,46,2100-10-0,1.2417745085052867,1.4012437461763978,1.4822460219000977,1.9321888444088755,0.25304045284422483,0.31356506957132385,0.37294066839228057,0.5166758926781801,-23.563502603383714,-46.55333228807458
1830,46,2100-10-0,1.2417745085052867,1.4012437461763978,1.4822460219000977,1.9321888444088755,0.25304045284422483,0.31356506957132385,0.37294066839228057,0.5166758926781801,-23.562126100238572,-46.55599479230091
1831,46,2100-10-0,1.2417745085052867,1.4012437461763978,1.4822460219000977,1.9321888444088755,0.25304045284422483,0.31356506957132385,0.37294066839228057,0.5166758926781801,-23.56257589924129,-46.55951708094975
1832,46,2100-10-0,1.2417745085052867,1.4012437461763978,1.4822460219000977,1.9321888444088755,0.25304045284422483,0.31356506957132385,0.37294066839228057,0.5166758926781801,-23.56145351178072,-46.56322574705906
1833,46,2100-10-0,1.2417745085052867,1.4012437461763978,1.4822460219000977,1.9321888444088755,0.25304045284422483,0.31356506957132385,0.37294066839228057,0.5166758926781801,-23.560172151262712,-46.566231541846676
1834,46,2100-10-0,1.2417745085052867,1.4012437461763978,1.4822460219000977,1.9321888444088755,0.25304045284422483,0.31356506957132385,0.37294066839228057,0.5166758926781801,-23.559166588513087,-46.568443560724894
1835,46,2100-10-0,1.2417745085052867,1.4012437461763978,1.4822460219000977,1.9321888444088755,0.25304045284422483,0.31356506957132385,0.37294066839228057,0.5166758926781801,-23.55814685279959,-46.570705863282214
1836,46,2100-10-0,1.2417745085052867,1.4012437461763978,1.4822460219000977,1.9321888444088755,0.25304045284422483,0.31356506957132385,0.37294066839228057,0.5166758926781801,-23.556843988357812,-46.57358247148363
1837,46,2100-10-0,1.2417745085052867,1.4012437461763978,1.4822460219000977,1.9321888444088755,0.25304045284422483,0.31356506957132385,0.37294066839228057,0.5166758926781801,-23.555233384439912,-46.57718129248593
1838,46,2100-10-0,1.2417745085052867,1.4012437461763978,1.4822460219000977,1.9321888444088755,0.25304045284422483,0.31356506957132385,0.37294066839228057,0.5166758926781801,-23.557399875973786,-46.5791265493089
1839,46,2100-10-0,1.2417745085052867,1.4012437461763978,1.4822460219000977,1.9321888444088755,0.25304045284422483,0.31356506957132385,0.37294066839228057,0.5166758926781801,-23.557883818107268,-46.58167220820915
1840,46,2100-10-0,1.2417745085052867,1.4012437461763978,1.4822460219000977,1.9321888444088755,0.25304045284422483,0.31356506957132385,0.37294066839228057,0.5166758926781801,-23.558363349315186,-46.58415897233526
1841,46,2100-10-0,1.2417745085052867,1.4012437461763978,1.4822460219000977,1.9321888444088755,0.25304045284422483,0.31356506957132385,0.37294066839228057,0.5166758926781801,-23.558807150772576,-46.58628830550278
1842,46,2100-10-0,1.2417745085052867,1.4012437461763978,1.4822460219000977,1.9321888444088755,0.25304045284422483,0.31356506957132385,0.37294066839228057,0.5166758926781801,-23.55797443171516,-46.58927329015336
1843,46,2100-10-0,1.2417745085052867,1.4012437461763978,1.4822460219000977,1.9321888444088755,0.25304045284422483,0.31356506957132385,0.37294066839228057,0.5166758926781801,-23.554811191549664,-46.59277444419177
1844,46,2100-10-0,1.2417745085052867,1.4012437461763978,1.4822460219000977,1.9321888444088755,0.25304045284422483,0.31356506957132385,0.37294066839228057,0.5166758926781801,-23.554472176620656,-46.59419035777691
1845,46,2100-10-0,1.2417745085052867,1.4012437461763978,1.4822460219000977,1.9321888444088755,0.25304045284422483,0.31356506957132385,0.37294066839228057,0.5166758926781801,-23.55605374125997,-46.594995354126404
1846,46,2100-10-0,1.2417745085052867,1.4012437461763978,1.4822460219000977,1.9321888444088755,0.25304045284422483,0.31356506957132385,0.37294066839228057,0.5166758926781801,-23.555830730379206,-46.596777615023186
1847,46,2100-10-0,1.2417745085052867,1.4012437461763978,1.4822460219000977,1.9321888444088755,0.25304045284422483,0.31356506957132385,0.37294066839228057,0.5166758926781801,-23.55558978511174,-46.59957928952588
1848,46,2100-10-0,1.2417745085052867,1.4012437461763978,1.4822460219000977,1.9321888444088755,0.25304045284422483,0.31356506957132385,0.37294066839228057,0.5166758926781801,-23.55523740619206,-46.60301705109148
1849,46,2100-10-0,1.2417745085052867,1.4012437461763978,1.4822460219000977,1.9321888444088755,0.25304045284422483,0.31356506957132385,0.37294066839228057,0.5166758926781801,-23.554653794889212,-46.60608403555286
1850,46,2100-10-0,1.2417745085052867,1.4012437461763978,1.4822460219000977,1.9321888444088755,0.25304045284422483,0.31356506957132385,0.37294066839228057,0.5166758926781801,-23.552051703291287,-46.60612279513357
1851,46,2100-10-0,1.2417745085052867,1.4012437461763978,1.4822460219000977,1.9321888444088755,0.25304045284422483,0.31356506957132385,0.37294066839228057,0.5166758926781801,-23.55091848806488,-46.608179783326385
1852,46,2100-10-0,1.2417745085052867,1.4012437461763978,1.4822460219000977,1.9321888444088755,0.25304045284422483,0.31356506957132385,0.37294066839228057,0.5166758926781801,-23.5528152462499,-46.61231649844757
1853,46,2100-10-0,1.2417745085052867,1.4012437461763978,1.4822460219000977,1.9321888444088755,0.25304045284422483,0.31356506957132385,0.37294066839228057,0.5166758926781801,-23.552518591468463,-46.61635194834646
1854,46,2100-10-0,1.2417745085052867,1.4012437461763978,1.4822460219000977,1.9321888444088755,0.25304045284422483,0.31356506957132385,0.37294066839228057,0.5166758926781801,-23.552214243712907,-46.61949488806521
1855,46,2100-10-0,1.2417745085052867,1.4012437461763978,1.4822460219000977,1.9321888444088755,0.25304045284422483,0.31356506957132385,0.37294066839228057,0.5166758926781801,-23.551428311152897,-46.62480855934545
1856,46,2100-10-0,1.2417745085052867,1.4012437461763978,1.4822460219000977,1.9321888444088755,0.25304045284422483,0.31356506957132385,0.37294066839228057,0.5166758926781801,-23.54854099620037,-46.62887978009334
1857,46,2100-10-0,1.2417745085052867,1.4012437461763978,1.4822460219000977,1.9321888444088755,0.25304045284422483,0.31356506957132385,0.37294066839228057,0.5166758926781801,-23.549420391884688,-46.632394499456
5047,120,4310-10-0,1.4176280969935586,1.439946034391919,1.4660168389688466,1.5910660143796882,0.3933484747143906,0.4600223949482046,0.4144473050811525,0.4338025415166521,-23.53510451702455,-46.454395108052175
5048,120,4310-10-0,1.4176280969935586,1.439946034391919,1.4660168389688466,1.5910660143796882,0.3933484747143906,0.4600223949482046,0.4144473050811525,0.4338025415166521,-23.540043903098113,-46.45935012889494
5049,120,4310-10-0,1.4176280969935586,1.439946034391919,1.4660168389688466,1.5910660143796882,0.3933484747143906,0.4600223949482046,0.4144473050811525,0.4338025415166521,-23.53970218738072,-46.463009609758785
5050,120,4310-10-0,1.4176280969935586,1.439946034391919,1.4660168389688466,1.5910660143796882,0.3933484747143906,0.4600223949482046,0.4144473050811525,0.4338025415166521,-23.54237104192059,-46.467286408406245
5051,120,4310-10-0,1.4176280969935586,1.439946034391919,1.4660168389688466,1.5910660143796882,0.3933484747143906,0.4600223949482046,0.4144473050811525,0.4338025415166521,-23.54282951972293,-46.478194876708926
5052,120,4310-10-0,1.4176280969935586,1.439946034391919,1.4660168389688466,1.5910660143796882,0.3933484747143906,0.4600223949482046,0.4144473050811525,0.4338025415166521,-23.53577707260089,-46.49213014838922
5053,120,4310-10-0,1.4176280969935586,1.439946034391919,1.4660168389688466,1.5910660143796882,0.3933484747143906,0.4600223949482046,0.4144473050811525,0.4338025415166521,-23.528454421600145,-46.514390723981116
5054,120,4310-10-0,1.4176280969935586,1.439946034391919,1.4660168389688466,1.5910660143796882,0.3933484747143906,0.4600223949482046,0.4144473050811525,0.4338025415166521,-23.53193019902339,-46.53331452177637
5055,120,4310-10-0,1.4176280969935586,1.439946034391919,1.4660168389688466,1.5910660143796882,0.3933484747143906,0.4600223949482046,0.4144473050811525,0.4338025415166521,-23.53385365980941,-46.54302277065497
5056,120,4310-10-0,1.4176280969935586,1.439946034391919,1.4660168389688466,1.5910660143796882,0.3933484747143906,0.4600223949482046,0.4144473050811525,0.4338025415166521,-23.535188090119785,-46.55024362032009
5057,120,4310-10-0,1.4176280969935586,1.439946034391919,1.4660168389688466,1.5910660143796882,0.3933484747143906,0.4600223949482046,0.4144473050811525,0.4338025415166521,-23.53626374100858,-46.5551427390372
5058,120,4310-10-0,1.4176280969935586,1.439946034391919,1.4660168389688466,1.5910660143796882,0.3933484747143906,0.4600223949482046,0.4144473050811525,0.4338025415166521,-23.537485176407515,-46.561380418578175
5059,120,4310-10-0,1.4176280969935586,1.439946034391919,1.4660168389688466,1.5910660143796882,0.3933484747143906,0.4600223949482046,0.4144473050811525,0.4338025415166521,-23.53918975986165,-46.570810647689406
5060,120,4310-10-0,1.4176280969935586,1.439946034391919,1.4660168389688466,1.5910660143796882,0.3933484747143906,0.4600223949482046,0.4144473050811525,0.4338025415166521,-23.54233495416338,-46.582810751782525
5061,120,4310-10-0,1.4176280969935586,1.439946034391919,1.4660168389688466,1.5910660143796882,0.3933484747143906,0.4600223949482046,0.4144473050811525,0.4338025415166521,-23.543842198540755,-46.59219809502945
5062,120,4310-10-0,1.4176280969935586,1.439946034391919,1.4660168389688466,1.5910660143796882,0.3933484747143906,0.4600223949482046,0.4144473050811525,0.4338025415166521,-23.545284511938345,-46.59766927544982
5063,120,4310-10-0,1.4176280969935586,1.439946034391919,1.4660168389688466,1.5910660143796882,0.3933484747143906,0.4600223949482046,0.4144473050811525,0.4338025415166521,-23.54770417082699,-46.60236560646482
5064,120,4310-10-0,1.4176280969935586,1.439946034391919,1.4660168389688466,1.5910660143796882,0.3933484747143906,0.4600223949482046,0.4144473050811525,0.4338025415166521,-23.5504270738302,-46.607254739242144
5065,120,4310-10-0,1.4176280969935586,1.439946034391919,1.4660168389688466,1.5910660143796882,0.3933484747143906,0.4600223949482046,0.4144473050811525,0.4338025415166521,-23.552816328920013,-46.61232351832323
5066,120,4310-10-0,1.4176280969935586,1.439946034391919,1.4660168389688466,1.5910660143796882,0.3933484747143906,0.4600223949482046,0.4144473050811525,0.4338025415166521,-23.55251780170189,-46.61635901400891
5067,120,4310-10-0,1.4176280969935586,1.439946034391919,1.4660168389688466,1.5910660143796882,0.3933484747143906,0.4600223949482046,0.4144473050811525,0.4338025415166521,-23.5522134364722,-46.61950195137801
5068,120,4310-10-0,1.4176280969935586,1.439946034391919,1.4660168389688466,1.5910660143796882,0.3933484747143906,0.4600223949482046,0.4144473050811525,0.4338025415166521,-23.55078293482587,-46.62503908471788
5711,135,5029-10-0,1.2876633062900775,1.875774056511164,1.880940201517024,2.3509203820801194,0.3111617663814127,0.3558925715158696,0.40552029477508267,0.5161796912795119,-23.628468673358622,-46.58629610098341
5712,135,5029-10-0,1.2876633062900775,1.875774056511164,1.880940201517024,2.3509203820801194,0.3111617663814127,0.3558925715158696,0.40552029477508267,0.5161796912795119,-23.62588620199594,-46.58657838270146
5713,135,5029-10-0,1.2876633062900775,1.875774056511164,1.880940201517024,2.3509203820801194,0.3111617663814127,0.3558925715158696,0.40552029477508267,0.5161796912795119,-23.62234499669475,-46.58531536413773
5714,135,5029-10-0,1.2876633062900775,1.875774056511164,1.880940201517024,2.3509203820801194,0.3111617663814127,0.3558925715158696,0.40552029477508267,0.5161796912795119,-23.61909354962772,-46.58439058189624
5715,135,5029-10-0,1.2876633062900775,1.875774056511164,1.880940201517024,2.3509203820801194,0.3111617663814127,0.3558925715158696,0.40552029477508267,0.5161796912795119,-23.61801330996357,-46.58565853680053
5716,135,5029-10-0,1.2876633062900775,1.875774056511164,1.880940201517024,2.3509203820801194,0.3111617663814127,0.3558925715158696,0.40552029477508267,0.5161796912795119,-23.618312018832675,-46.58679852690299
5717,135,5029-10-0,1.2876633062900775,1.875774056511164,1.880940201517024,2.3509203820801194,0.3111617663814127,0.3558925715158696,0.40552029477508267,0.5161796912795119,-23.61864017508017,-46.58790271710652
5718,135,5029-10-0,1.2876633062900775,1.875774056511164,1.880940201517024,2.3509203820801194,0.3111617663814127,0.3558925715158696,0.40552029477508267,0.5161796912795119,-23.61972214985984,-46.58921653716561
5719,135,5029-10-0,1.2876633062900775,1.875774056511164,1.880940201517024,2.3509203820801194,0.3111617663814127,0.3558925715158696,0.40552029477508267,0.5161796912795119,-23.62113308209755,-46.58943970707435
5720,135,5029-10-0,1.2876633062900775,1.875774056511164,1.880940201517024,2.3509203820801194,0.3111617663814127,0.3558925715158696,0.40552029477508267,0.5161796912795119,-23.62336460968576,-46.59003474096027
5721,135,5029-10-0,1.2876633062900775,1.875774056511164,1.880940201517024,2.3509203820801194,0.3111617663814127,0.3558925715158696,0.40552029477508267,0.5161796912795119,-23.62058976078241,-46.592344118728654
5722,135,5029-10-0,1.2876633062900775,1.875774056511164,1.880940201517024,2.3509203820801194,0.3111617663814127,0.3558925715158696,0.40552029477508267,0.5161796912795119,-23.622125497815837,-46.596186962551364
5723,135,5029-10-0,1.2876633062900775,1.875774056511164,1.880940201517024,2.3509203820801194,0.3111617663814127,0.3558925715158696,0.40552029477508267,0.5161796912795119,-23.61945941068869,-46.59623229264486
5724,135,5029-10-0,1.2876633062900775,1.875774056511164,1.880940201517024,2.3509203820801194,0.3111617663814127,0.3558925715158696,0.40552029477508267,0.5161796912795119,-23.617193127150326,-46.596581177791755
5725,135,5029-10-0,1.2876633062900775,1.875774056511164,1.880940201517024,2.3509203820801194,0.3111617663814127,0.3558925715158696,0.40552029477508267,0.5161796912795119,-23.61418870027552,-46.59700079560561
5726,135,5029-10-0,1.2876633062900775,1.875774056511164,1.880940201517024,2.3509203820801194,0.3111617663814127,0.3558925715158696,0.40552029477508267,0.5161796912795119,-23.61121828207877,-46.59747246887528
5727,135,5029-10-0,1.2876633062900775,1.875774056511164,1.880940201517024,2.3509203820801194,0.3111617663814127,0.3558925715158696,0.40552029477508267,0.5161796912795119,-23.609025789687532,-46.59780859131275
5728,135,5029-10-0,1.2876633062900775,1.875774056511164,1.880940201517024,2.3509203820801194,0.3111617663814127,0.3558925715158696,0.40552029477508267,0.5161796912795119,-23.60689209135853,-46.598396048745784
5729,135,5029-10-0,1.2876633062900775,1.875774056511164,1.880940201517024,2.3509203820801194,0.3111617663814127,0.3558925715158696,0.40552029477508267,0.5161796912795119,-23.605242152528863,-46.59903638689208
5730,135,5029-10-0,1.2876633062900775,1.875774056511164,1.880940201517024,2.3509203820801194,0.3111617663814127,0.3558925715158696,0.40552029477508267,0.5161796912795119,-23.60278722041642,-46.6006219873719
7996,193,6200-10-0,1.5118801254278895,1.4696475500221162,1.4710866304388406,1.6502974585574246,0.4715961597565446,0.6184444991620405,0.4688138227754813,0.7632840342468542,-23.654097326841306,-46.71065604469987
7997,193,6200-10-0,1.5118801254278895,1.4696475500221162,1.4710866304388406,1.6502974585574246,0.4715961597565446,0.6184444991620405,0.4688138227754813,0.7632840342468542,-23.654240705613297,-46.71366063870331
7998,193,6200-10-0,1.5118801254278895,1.4696475500221162,1.4710866304388406,1.6502974585574246,0.4715961597565446,0.6184444991620405,0.4688138227754813,0.7632840342468542,-23.653784511879397,-46.720630279534646
7999,193,6200-10-0,1.5118801254278895,1.4696475500221162,1.4710866304388406,1.6502974585574246,0.4715961597565446,0.6184444991620405,0.4688138227754813,0.7632840342468542,-23.64645335149243,-46.72532820051889
8000,193,6200-10-0,1.5118801254278895,1.4696475500221162,1.4710866304388406,1.6502974585574246,0.4715961597565446,0.6184444991620405,0.4688138227754813,0.7632840342468542,-23.639038111409672,-46.722061771558295
8001,193,6200-10-0,1.5118801254278895,1.4696475500221162,1.4710866304388406,1.6502974585574246,0.4715961597565446,0.6184444991620405,0.4688138227754813,0.7632840342468542,-23.63470311186656,-46.717982057997716
8002,193,6200-10-0,1.5118801254278895,1.4696475500221162,1.4710866304388406,1.6502974585574246,0.4715961597565446,0.6184444991620405,0.4688138227754813,0.7632840342468542,-23.63077569206574,-46.71436338556328
8003,193,6200-10-0,1.5118801254278895,1.4696475500221162,1.4710866304388406,1.6502974585574246,0.4715961597565446,0.6184444991620405,0.4688138227754813,0.7632840342468542,-23.626290965185962,-46.70990370016101
8004,193,6200-10-0,1.5118801254278895,1.4696475500221162,1.4710866304388406,1.6502974585574246,0.4715961597565446,0.6184444991620405,0.4688138227754813,0.7632840342468542,-23.624248749575425,-46.704803095021745
8005,193,6200-10-0,1.5118801254278895,1.4696475500221162,1.4710866304388406,1.6502974585574246,0.4715961597565446,0.6184444991620405,0.4688138227754813,0.7632840342468542,-23.621875135528374,-46.70122499382797
8006,193,6200-10-0,1.5118801254278895,1.4696475500221162,1.4710866304388406,1.6502974585574246,0.4715961597565446,0.6184444991620405,0.4688138227754813,0.7632840342468542,-23.618376461622262,-46.69959523868306
8007,193,6200-10-0,1.5118801254278895,1.4696475500221162,1.4710866304388406,1.6502974585574246,0.4715961597565446,0.6184444991620405,0.4688138227754813,0.7632840342468542,-23.61390721127516,-46.69861841232144
8008,193,6200-10-0,1.5118801254278895,1.4696475500221162,1.4710866304388406,1.6502974585574246,0.4715961597565446,0.6184444991620405,0.4688138227754813,0.7632840342468542,-23.609011920376247,-46.697571822847635
8009,193,6200-10-0,1.5118801254278895,1.4696475500221162,1.4710866304388406,1.6502974585574246,0.4715961597565446,0.6184444991620405,0.4688138227754813,0.7632840342468542,-23.60429291136789,-46.69610140645953
8010,193,6200-10-0,1.5118801254278895,1.4696475500221162,1.4710866304388406,1.6502974585574246,0.4715961597565446,0.6184444991620405,0.4688138227754813,0.7632840342468542,-23.60003232302444,-46.694502980195544
8011,193,6200-10-0,1.5118801254278895,1.4696475500221162,1.4710866304388406,1.6502974585574246,0.4715961597565446,0.6184444991620405,0.4688138227754813,0.7632840342468542,-23.595728160779014,-46.692387352844136
8012,193,6200-10-0,1.5118801254278895,1.4696475500221162,1.4710866304388406,1.6502974585574246,0.4715961597565446,0.6184444991620405,0.4688138227754813,0.7632840342468542,-23.591367968370296,-46.69158198732711
8013,193,6200-10-0,1.5118801254278895,1.4696475500221162,1.4710866304388406,1.6502974585574246,0.4715961597565446,0.6184444991620405,0.4688138227754813,0.7632840342468542,-23.586547394564963,-46.689696579852324
8014,193,6200-10-0,1.5118801254278895,1.4696475500221162,1.4710866304388406,1.6502974585574246,0.4715961597565446,0.6184444991620405,0.4688138227754813,0.7632840342468542,-23.58258704215969,-46.68570034028982
8015,193,6200-10-0,1.5118801254278895,1.4696475500221162,1.4710866304388406,1.6502974585574246,0.4715961597565446,0.6184444991620405,0.4688138227754813,0.7632840342468542,-23.58050925018256,-46.68250380282765
8016,193,6200-10-0,1.5118801254278895,1.4696475500221162,1.4710866304388406,1.6502974585574246,0.4715961597565446,0.6184444991620405,0.4688138227754813,0.7632840342468542,-23.57988901729439,-46.67752343071896
8017,193,6200-10-0,1.5118801254278895,1.4696475500221162,1.4710866304388406,1.6502974585574246,0.4715961597565446,0.6184444991620405,0.4688138227754813,0.7632840342468542,-23.57784324424961,-46.67411137233443
8018,193,6200-10-0,1.5118801254278895,1.4696475500221162,1.4710866304388406,1.6502974585574246,0.4715961597565446,0.6184444991620405,0.4688138227754813,0.7632840342468542,-23.57604813398993,-46.66987412457151
8019,193,6200-10-0,1.5118801254278895,1.4696475500221162,1.4710866304388406,1.6502974585574246,0.4715961597565446,0.6184444991620405,0.4688138227754813,0.7632840342468542,-23.572257101891648,-46.66463738375222
8020,193,6200-10-0,1.5118801254278895,1.4696475500221162,1.4710866304388406,1.6502974585574246,0.4715961597565446,0.6184444991620405,0.4688138227754813,0.7632840342468542,-23.56846376829699,-46.66024052675608
8021,193,6200-10-0,1.5118801254278895,1.4696475500221162,1.4710866304388406,1.6502974585574246,0.4715961597565446,0.6184444991620405,0.4688138227754813,0.7632840342468542,-23.56288721309741,-46.65630167638303
8022,193,6200-10-0,1.5118801254278895,1.4696475500221162,1.4710866304388406,1.6502974585574246,0.4715961597565446,0.6184444991620405,0.4688138227754813,0.7632840342468542,-23.557226673552197,-46.652124413714105
8023,193,6200-10-0,1.5118801254278895,1.4696475500221162,1.4710866304388406,1.6502974585574246,0.4715961597565446,0.6184444991620405,0.4688138227754813,0.7632840342468542,-23.553480663424786,-46.64801392185205
8024,193,6200-10-0,1.5118801254278895,1.4696475500221162,1.4710866304388406,1.6502974585574246,0.4715961597565446,0.6184444991620405,0.4688138227754813,0.7632840342468542,-23.55003072862637,-46.642814498683855
8025,193,6200-10-0,1.5118801254278895,1.4696475500221162,1.4710866304388406,1.6502974585574246,0.4715961597565446,0.6184444991620405,0.4688138227754813,0.7632840342468542,-23.549052774559073,-46.63915277295924
8026,193,6200-10-0,1.5118801254278895,1.4696475500221162,1.4710866304388406,1.6502974585574246,0.4715961597565446,0.6184444991620405,0.4688138227754813,0.7632840342468542,-23.54937840411782,-46.63938139727141
8500,208,6913-10-0,1.0055301429808212,1.1721265024585994,1.2591128044189468,1.5855340600113064,0.1863315101937167,0.2330464975235268,0.2973222338914718,0.43977430696984776,-23.76688197214843,-46.717105529152136
8501,208,6913-10-0,1.0055301429808212,1.1721265024585994,1.2591128044189468,1.5855340600113064,0.1863315101937167,0.2330464975235268,0.2973222338914718,0.43977430696984776,-23.76494407638723,-46.71667666486838
8502,208,6913-10-0,1.0055301429808212,1.1721265024585994,1.2591128044189468,1.5855340600113064,0.1863315101937167,0.2330464975235268,0.2973222338914718,0.43977430696984776,-23.761507004229326,-46.7153868243262
8503,208,6913-10-0,1.0055301429808212,1.1721265024585994,1.2591128044189468,1.5855340600113064,0.1863315101937167,0.2330464975235268,0.2973222338914718,0.43977430696984776,-23.754639599837,-46.71204252517012
8504,208,6913-10-0,1.0055301429808212,1.1721265024585994,1.2591128044189468,1.5855340600113064,0.1863315101937167,0.2330464975235268,0.2973222338914718,0.43977430696984776,-23.74914342396421,-46.709169792067605
8505,208,6913-10-0,1.0055301429808212,1.1721265024585994,1.2591128044189468,1.5855340600113064,0.1863315101937167,0.2330464975235268,0.2973222338914718,0.43977430696984776,-23.746174714605647,-46.70724243723314
8506,208,6913-10-0,1.0055301429808212,1.1721265024585994,1.2591128044189468,1.5855340600113064,0.1863315101937167,0.2330464975235268,0.2973222338914718,0.43977430696984776,-23.74223443713917,-46.706372273268464
8507,208,6913-10-0,1.0055301429808212,1.1721265024585994,1.2591128044189468,1.5855340600113064,0.1863315101937167,0.2330464975235268,0.2973222338914718,0.43977430696984776,-23.74001329293121,-46.70280795951279
8508,208,6913-10-0,1.0055301429808212,1.1721265024585994,1.2591128044189468,1.5855340600113064,0.1863315101937167,0.2330464975235268,0.2973222338914718,0.43977430696984776,-23.73724187638017,-46.69939878312749
8509,208,6913-10-0,1.0055301429808212,1.1721265024585994,1.2591128044189468,1.5855340600113064,0.1863315101937167,0.2330464975235268,0.2973222338914718,0.43977430696984776,-23.731772434027167,-46.697612000186645
8510,208,6913-10-0,1.0055301429808212,1.1721265024585994,1.2591128044189468,1.5855340600113064,0.1863315101937167,0.2330464975235268,0.2973222338914718,0.43977430696984776,-23.723586918356837,-46.69861659618286
8511,208,6913-10-0,1.0055301429808212,1.1721265024585994,1.2591128044189468,1.5855340600113064,0.1863315101937167,0.2330464975235268,0.2973222338914718,0.43977430696984776,-23.717807928358734,-46.70140422116882
8512,208,6913-10-0,1.0055301429808212,1.1721265024585994,1.2591128044189468,1.5855340600113064,0.1863315101937167,0.2330464975235268,0.2973222338914718,0.43977430696984776,-23.715470845171577,-46.706429082967965
8513,208,6913-10-0,1.0055301429808212,1.1721265024585994,1.2591128044189468,1.5855340600113064,0.1863315101937167,0.2330464975235268,0.2973222338914718,0.43977430696984776,-23.7123700381582,-46.71013168516493
8514,208,6913-10-0,1.0055301429808212,1.1721265024585994,1.2591128044189468,1.5855340600113064,0.1863315101937167,0.2330464975235268,0.2973222338914718,0.43977430696984776,-23.705933377871137,-46.71354351099595
8515,208,6913-10-0,1.0055301429808212,1.1721265024585994,1.2591128044189468,1.5855340600113064,0.1863315101937167,0.2330464975235268,0.2973222338914718,0.43977430696984776,-23.69874337421761,-46.714940436073796
8516,208,6913-10-0,1.0055301429808212,1.1721265024585994,1.2591128044189468,1.5855340600113064,0.1863315101937167,0.2330464975235268,0.2973222338914718,0.43977430696984776,-23.69498831217196,-46.71481565363028
8517,208,6913-10-0,1.0055301429808212,1.1721265024585994,1.2591128044189468,1.5855340600113064,0.1863315101937167,0.2330464975235268,0.2973222338914718,0.43977430696984776,-23.690878782770557,-46.714653282776396
8518,208,6913-10-0,1.0055301429808212,1.1721265024585994,1.2591128044189468,1.5855340600113064,0.1863315101937167,0.2330464975235268,0.2973222338914718,0.43977430696984776,-23.68611221017199,-46.714450295849886
8519,208,6913-10-0,1.0055301429808212,1.1721265024585994,1.2591128044189468,1.5855340600113064,0.1863315101937167,0.2330464975235268,0.2973222338914718,0.43977430696984776,-23.682091181506014,-46.713834873380044
8520,208,6913-10-0,1.0055301429808212,1.1721265024585994,1.2591128044189468,1.5855340600113064,0.1863315101937167,0.2330464975235268,0.2973222338914718,0.43977430696984776,-23.678164584909503,-46.712416851457704
8521,208,6913-10-0,1.0055301429808212,1.1721265024585994,1.2591128044189468,1.5855340600113064,0.1863315101937167,0.2330464975235268,0.2973222338914718,0.43977430696984776,-23.674041715854532,-46.71223852903568
8522,208,6913-10-0,1.0055301429808212,1.1721265024585994,1.2591128044189468,1.5855340600113064,0.1863315101937167,0.2330464975235268,0.2973222338914718,0.43977430696984776,-23.669671517647046,-46.712025890506624
8523,208,6913-10-0,1.0055301429808212,1.1721265024585994,1.2591128044189468,1.5855340600113064,0.1863315101937167,0.2330464975235268,0.2973222338914718,0.43977430696984776,-23.664727229570406,-46.70952796485565
8524,208,6913-10-0,1.0055301429808212,1.1721265024585994,1.2591128044189468,1.5855340600113064,0.1863315101937167,0.2330464975235268,0.2973222338914718,0.43977430696984776,-23.65961852139844,-46.7051131433295
8525,208,6913-10-0,1.0055301429808212,1.1721265024585994,1.2591128044189468,1.5855340600113064,0.1863315101937167,0.2330464975235268,0.2973222338914718,0.43977430696984776,-23.65436078579947,-46.706792919978895
8526,208,6913-10-0,1.0055301429808212,1.1721265024585994,1.2591128044189468,1.5855340600113064,0.1863315101937167,0.2330464975235268,0.2973222338914718,0.43977430696984776,-23.651238540465695,-46.70492115594034
8527,208,6913-10-0,1.0055301429808212,1.1721265024585994,1.2591128044189468,1.5855340600113064,0.1863315101937167,0.2330464975235268,0.2973222338914718,0.43977430696984776,-23.647985490733557,-46.70265442787649
8528,208,6913-10-0,1.0055301429808212,1.1721265024585994,1.2591128044189468,1.5855340600113064,0.1863315101937167,0.2330464975235268,0.2973222338914718,0.43977430696984776,-23.643285106935156,-46.69936602390037
8529,208,6913-10-0,1.0055301429808212,1.1721265024585994,1.2591128044189468,1.5855340600113064,0.1863315101937167,0.2330464975235268,0.2973222338914718,0.43977430696984776,-23.63765776081448,-46.695461003232495
8530,208,6913-10-0,1.0055301429808212,1.1721265024585994,1.2591128044189468,1.5855340600113064,0.1863315101937167,0.2330464975235268,0.2973222338914718,0.43977430696984776,-23.632420752071766,-46.69178752860649
8531,208,6913-10-0,1.0055301429808212,1.1721265024585994,1.2591128044189468,1.5855340600113064,0.1863315101937167,0.2330464975235268,0.2973222338914718,0.43977430696984776,-23.628477995662013,-46.68882218122243
8532,208,6913-10-0,1.0055301429808212,1.1721265024585994,1.2591128044189468,1.5855340600113064,0.1863315101937167,0.2330464975235268,0.2973222338914718,0.43977430696984776,-23.625236951655413,-46.68647027336402
8533,208,6913-10-0,1.0055301429808212,1.1721265024585994,1.2591128044189468,1.5855340600113064,0.1863315101937167,0.2330464975235268,0.2973222338914718,0.43977430696984776,-23.621929061595697,-46.68414486047821
8534,208,6913-10-0,1.0055301429808212,1.1721265024585994,1.2591128044189468,1.5855340600113064,0.1863315101937167,0.2330464975235268,0.2973222338914718,0.43977430696984776,-23.62013168608993,-46.682905248876594
8535,208,6913-10-0,1.0055301429808212,1.1721265024585994,1.2591128044189468,1.5855340600113064,0.1863315101937167,0.2330464975235268,0.2973222338914718,0.43977430696984776,-23.618028805239387,-46.68145343884302
8536,208,6913-10-0,1.0055301429808212,1.1721265024585994,1.2591128044189468,1.5855340600113064,0.1863315101937167,0.2330464975235268,0.2973222338914718,0.43977430696984776,-23.614157395132136,-46.678722636786645
8537,208,6913-10-0,1.0055301429808212,1.1721265024585994,1.2591128044189468,1.5855340600113064,0.1863315101937167,0.2330464975235268,0.2973222338914718,0.43977430696984776,-23.608338274655093,-46.676498050126675
8538,208,6913-10-0,1.0055301429808212,1.1721265024585994,1.2591128044189468,1.5855340600113064,0.1863315101937167,0.2330464975235268,0.2973222338914718,0.43977430696984776,-23.60100594436095,-46.67397840984077
8539,208,6913-10-0,1.0055301429808212,1.1721265024585994,1.2591128044189468,1.5855340600113064,0.1863315101937167,0.2330464975235268,0.2973222338914718,0.43977430696984776,-23.595069153050837,-46.67300180941168
8540,208,6913-10-0,1.0055301429808212,1.1721265024585994,1.2591128044189468,1.5855340600113064,0.1863315101937167,0.2330464975235268,0.2973222338914718,0.43977430696984776,-23.58908820578973,-46.67199392930618
8541,208,6913-10-0,1.0055301429808212,1.1721265024585994,1.2591128044189468,1.5855340600113064,0.1863315101937167,0.2330464975235268,0.2973222338914718,0.43977430696984776,-23.581452696641808,-46.67042233256002
8542,208,6913-10-0,1.0055301429808212,1.1721265024585994,1.2591128044189468,1.5855340600113064,0.1863315101937167,0.2330464975235268,0.2973222338914718,0.43977430696984776,-23.575829534002942,-46.66957297197092
8543,208,6913-10-0,1.0055301429808212,1.1721265024585994,1.2591128044189468,1.5855340600113064,0.1863315101937167,0.2330464975235268,0.2973222338914718,0.43977430696984776,-23.57225504676689,-46.664634486919034
8544,208,6913-10-0,1.0055301429808212,1.1721265024585994,1.2591128044189468,1.5855340600113064,0.1863315101937167,0.2330464975235268,0.2973222338914718,0.43977430696984776,-23.56846124731988,-46.660238101423104
8545,208,6913-10-0,1.0055301429808212,1.1721265024585994,1.2591128044189468,1.5855340600113064,0.1863315101937167,0.2330464975235268,0.2973222338914718,0.43977430696984776,-23.562884060810585,-46.65630038531101
8546,208,6913-10-0,1.0055301429808212,1.1721265024585994,1.2591128044189468,1.5855340600113064,0.1863315101937167,0.2330464975235268,0.2973222338914718,0.43977430696984776,-23.557224722594107,-46.65212143362296
8547,208,6913-10-0,1.0055301429808212,1.1721265024585994,1.2591128044189468,1.5855340600113064,0.1863315101937167,0.2330464975235268,0.2973222338914718,0.43977430696984776,-23.55347763393684,-46.648012321860364
8548,208,6913-10-0,1.0055301429808212,1.1721265024585994,1.2591128044189468,1.5855340600113064,0.1863315101937167,0.2330464975235268,0.2973222338914718,0.43977430696984776,-23.550029114224376,-46.64281129057788
8549,208,6913-10-0,1.0055301429808212,1.1721265024585994,1.2591128044189468,1.5855340600113064,0.1863315101937167,0.2330464975235268,0.2973222338914718,0.43977430696984776,-23.54918767840732,-46.63916735653779
8550,208,6913-10-0,1.0055301429808212,1.1721265024585994,1.2591128044189468,1.5855340600113064,0.1863315101937167,0.2330464975235268,0.2973222338914718,0.43977430696984776,-23.549259237511325,-46.64003708477983
8906,219,709P-10-0,1.9365115004606028,1.8878164662044672,1.9551285066012112,2.021011608358895,0.3569697973871239,0.41439935622621815,0.3508229034800459,0.365271412342384,-23.656097258428172,-46.72359936005075
8907,219,709P-10-0,1.9365115004606028,1.8878164662044672,1.9551285066012112,2.021011608358895,0.3569697973871239,0.41439935622621815,0.3508229034800459,0.365271412342384,-23.6528364102168,-46.72475092320752
8908,219,709P-10-0,1.9365115004606028,1.8878164662044672,1.9551285066012112,2.021011608358895,0.3569697973871239,0.41439935622621815,0.3508229034800459,0.365271412342384,-23.65146151402811,-46.72044653141161
8909,219,709P-10-0,1.9365115004606028,1.8878164662044672,1.9551285066012112,2.021011608358895,0.3569697973871239,0.41439935622621815,0.3508229034800459,0.365271412342384,-23.64645336163233,-46.72532819834971
8910,219,709P-10-0,1.9365115004606028,1.8878164662044672,1.9551285066012112,2.021011608358895,0.3569697973871239,0.41439935622621815,0.3508229034800459,0.365271412342384,-23.639038119142796,-46.72206177900062
8911,219,709P-10-0,1.9365115004606028,1.8878164662044672,1.9551285066012112,2.021011608358895,0.3569697973871239,0.41439935622621815,0.3508229034800459,0.365271412342384,-23.63470311973585,-46.71798206526971
8912,219,709P-10-0,1.9365115004606028,1.8878164662044672,1.9551285066012112,2.021011608358895,0.3569697973871239,0.41439935622621815,0.3508229034800459,0.365271412342384,-23.63077569989593,-46.714363392884614
8913,219,709P-10-0,1.9365115004606028,1.8878164662044672,1.9551285066012112,2.021011608358895,0.3569697973871239,0.41439935622621815,0.3508229034800459,0.365271412342384,-23.62629097150574,-46.70990370903658
8914,219,709P-10-0,1.9365115004606028,1.8878164662044672,1.9551285066012112,2.021011608358895,0.3569697973871239,0.41439935622621815,0.3508229034800459,0.365271412342384,-23.624248752886558,-46.70480310564746
8915,219,709P-10-0,1.9365115004606028,1.8878164662044672,1.9551285066012112,2.021011608358895,0.3569697973871239,0.41439935622621815,0.3508229034800459,0.365271412342384,-23.62187514392901,-46.70122500036179
8916,219,709P-10-0,1.9365115004606028,1.8878164662044672,1.9551285066012112,2.021011608358895,0.3569697973871239,0.41439935622621815,0.3508229034800459,0.365271412342384,-23.618376471759984,-46.6995952408646
8917,219,709P-10-0,1.9365115004606028,1.8878164662044672,1.9551285066012112,2.021011608358895,0.3569697973871239,0.41439935622621815,0.3508229034800459,0.365271412342384,-23.614341823810463,-46.69869880356549
8918,219,709P-10-0,1.9365115004606028,1.8878164662044672,1.9551285066012112,2.021011608358895,0.3569697973871239,0.41439935622621815,0.3508229034800459,0.365271412342384,-23.613242959825996,-46.695639298585384
8919,219,709P-10-0,1.9365115004606028,1.8878164662044672,1.9551285066012112,2.021011608358895,0.3569697973871239,0.41439935622621815,0.3508229034800459,0.365271412342384,-23.61190088523728,-46.69515462996973
8920,219,709P-10-0,1.9365115004606028,1.8878164662044672,1.9551285066012112,2.021011608358895,0.3569697973871239,0.41439935622621815,0.3508229034800459,0.365271412342384,-23.60905751304425,-46.69413727021589
8921,219,709P-10-0,1.9365115004606028,1.8878164662044672,1.9551285066012112,2.021011608358895,0.3569697973871239,0.41439935622621815,0.3508229034800459,0.365271412342384,-23.603514992113585,-46.692140302352925
8922,219,709P-10-0,1.9365115004606028,1.8878164662044672,1.9551285066012112,2.021011608358895,0.3569697973871239,0.41439935622621815,0.3508229034800459,0.365271412342384,-23.60056211239005,-46.69114229568717
8923,219,709P-10-0,1.9365115004606028,1.8878164662044672,1.9551285066012112,2.021011608358895,0.3569697973871239,0.41439935622621815,0.3508229034800459,0.365271412342384,-23.597233278137153,-46.69098176063022
8924,219,709P-10-0,1.9365115004606028,1.8878164662044672,1.9551285066012112,2.021011608358895,0.3569697973871239,0.41439935622621815,0.3508229034800459,0.365271412342384,-23.59352580208786,-46.68923196926853
8925,219,709P-10-0,1.9365115004606028,1.8878164662044672,1.9551285066012112,2.021011608358895,0.3569697973871239,0.41439935622621815,0.3508229034800459,0.365271412342384,-23.591379758932824,-46.68883853928589
8926,219,709P-10-0,1.9365115004606028,1.8878164662044672,1.9551285066012112,2.021011608358895,0.3569697973871239,0.41439935622621815,0.3508229034800459,0.365271412342384,-23.588929281313,-46.68793127402964
8927,219,709P-10-0,1.9365115004606028,1.8878164662044672,1.9551285066012112,2.021011608358895,0.3569697973871239,0.41439935622621815,0.3508229034800459,0.365271412342384,-23.58829605399038,-46.68511148814146
8928,219,709P-10-0,1.9365115004606028,1.8878164662044672,1.9551285066012112,2.021011608358895,0.3569697973871239,0.41439935622621815,0.3508229034800459,0.365271412342384,-23.586275898331753,-46.68241544661814
8929,219,709P-10-0,1.9365115004606028,1.8878164662044672,1.9551285066012112,2.021011608358895,0.3569697973871239,0.41439935622621815,0.3508229034800459,0.365271412342384,-23.58145420940628,-46.684183034614286
8930,219,709P-10-0,1.9365115004606028,1.8878164662044672,1.9551285066012112,2.021011608358895,0.3569697973871239,0.41439935622621815,0.3508229034800459,0.365271412342384,-23.57839085864714,-46.686032774456244
8931,219,709P-10-0,1.9365115004606028,1.8878164662044672,1.9551285066012112,2.021011608358895,0.3569697973871239,0.41439935622621815,0.3508229034800459,0.365271412342384,-23.57540766103761,-46.68786135469753
8932,219,709P-10-0,1.9365115004606028,1.8878164662044672,1.9551285066012112,2.021011608358895,0.3569697973871239,0.41439935622621815,0.3508229034800459,0.365271412342384,-23.57093408872149,-46.69063815130875
8933,219,709P-10-0,1.9365115004606028,1.8878164662044672,1.9551285066012112,2.021011608358895,0.3569697973871239,0.41439935622621815,0.3508229034800459,0.365271412342384,-23.565567341281465,-46.69442413311939
8934,219,709P-10-0,1.9365115004606028,1.8878164662044672,1.9551285066012112,2.021011608358895,0.3569697973871239,0.41439935622621815,0.3508229034800459,0.365271412342384,-23.565063378330112,-46.70078027572796
10282,251,888P-10-0,1.490960884522644,1.8186227645811524,1.8218240269308816,1.8868140633089217,0.22004122986604172,0.2286669092938701,0.2814757687202273,0.24364302843419305,-23.4095537905965,-46.73954315752579
10283,251,888P-10-0,1.490960884522644,1.8186227645811524,1.8218240269308816,1.8868140633089217,0.22004122986604172,0.2286669092938701,0.2814757687202273,0.24364302843419305,-23.410996554393503,-46.739754565027894
10284,251,888P-10-0,1.490960884522644,1.8186227645811524,1.8218240269308816,1.8868140633089217,0.22004122986604172,0.2286669092938701,0.2814757687202273,0.24364302843419305,-23.41010093176073,-46.74083050732962
10285,251,888P-10-0,1.490960884522644,1.8186227645811524,1.8218240269308816,1.8868140633089217,0.22004122986604172,0.2286669092938701,0.2814757687202273,0.24364302843419305,-23.407956785742048,-46.742292425809545
10286,251,888P-10-0,1.490960884522644,1.8186227645811524,1.8218240269308816,1.8868140633089217,0.22004122986604172,0.2286669092938701,0.2814757687202273,0.24364302843419305,-23.40882494762864,-46.745921799914406
10287,251,888P-10-0,1.490960884522644,1.8186227645811524,1.8218240269308816,1.8868140633089217,0.22004122986604172,0.2286669092938701,0.2814757687202273,0.24364302843419305,-23.406394720841185,-46.74806686967975
10288,251,888P-10-0,1.490960884522644,1.8186227645811524,1.8218240269308816,1.8868140633089217,0.22004122986604172,0.2286669092938701,0.2814757687202273,0.24364302843419305,-23.40467031695572,-46.74918227586493
10289,251,888P-10-0,1.490960884522644,1.8186227645811524,1.8218240269308816,1.8868140633089217,0.22004122986604172,0.2286669092938701,0.2814757687202273,0.24364302843419305,-23.40437071531733,-46.75277370635338
10290,251,888P-10-0,1.490960884522644,1.8186227645811524,1.8218240269308816,1.8868140633089217,0.22004122986604172,0.2286669092938701,0.2814757687202273,0.24364302843419305,-23.404422413514183,-46.75172164639586
10291,251,888P-10-0,1.490960884522644,1.8186227645811524,1.8218240269308816,1.8868140633089217,0.22004122986604172,0.2286669092938701,0.2814757687202273,0.24364302843419305,-23.404812217261373,-46.75341784840493
10292,251,888P-10-0,1.490960884522644,1.8186227645811524,1.8218240269308816,1.8868140633089217,0.22004122986604172,0.2286669092938701,0.2814757687202273,0.24364302843419305,-23.405714380344342,-46.756493210193426
10293,251,888P-10-0,1.490960884522644,1.8186227645811524,1.8218240269308816,1.8868140633089217,0.22004122986604172,0.2286669092938701,0.2814757687202273,0.24364302843419305,-23.406049793763252,-46.75865023052689
10294,251,888P-10-0,1.490960884522644,1.8186227645811524,1.8218240269308816,1.8868140633089217,0.22004122986604172,0.2286669092938701,0.2814757687202273,0.24364302843419305,-23.40838474244626,-46.758365299629716
10295,251,888P-10-0,1.490960884522644,1.8186227645811524,1.8218240269308816,1.8868140633089217,0.22004122986604172,0.2286669092938701,0.2814757687202273,0.24364302843419305,-23.41090389592909,-46.75779106291969
10296,251,888P-10-0,1.490960884522644,1.8186227645811524,1.8218240269308816,1.8868140633089217,0.22004122986604172,0.2286669092938701,0.2814757687202273,0.24364302843419305,-23.41374173720499,-46.75687801700328
10297,251,888P-10-0,1.490960884522644,1.8186227645811524,1.8218240269308816,1.8868140633089217,0.22004122986604172,0.2286669092938701,0.2814757687202273,0.24364302843419305,-23.41851337338708,-46.755702333175954
10298,251,888P-10-0,1.490960884522644,1.8186227645811524,1.8218240269308816,1.8868140633089217,0.22004122986604172,0.2286669092938701,0.2814757687202273,0.24364302843419305,-23.423617763326696,-46.7526898651669
10299,251,888P-10-0,1.490960884522644,1.8186227645811524,1.8218240269308816,1.8868140633089217,0.22004122986604172,0.2286669092938701,0.2814757687202273,0.24364302843419305,-23.4305986617434,-46.75421823239571
10300,251,888P-10-0,1.490960884522644,1.8186227645811524,1.8218240269308816,1.8868140633089217,0.22004122986604172,0.2286669092938701,0.2814757687202273,0.24364302843419305,-23.43527643653002,-46.75403632902869
10301,251,888P-10-0,1.490960884522644,1.8186227645811524,1.8218240269308816,1.8868140633089217,0.22004122986604172,0.2286669092938701,0.2814757687202273,0.24364302843419305,-23.43744428398729,-46.752431924431036
10302,251,888P-10-0,1.490960884522644,1.8186227645811524,1.8218240269308816,1.8868140633089217,0.22004122986604172,0.2286669092938701,0.2814757687202273,0.24364302843419305,-23.439997545743136,-46.749645069700854
10303,251,888P-10-0,1.490960884522644,1.8186227645811524,1.8218240269308816,1.8868140633089217,0.22004122986604172,0.2286669092938701,0.2814757687202273,0.24364302843419305,-23.44369645840018,-46.748425473714164
10304,251,888P-10-0,1.490960884522644,1.8186227645811524,1.8218240269308816,1.8868140633089217,0.22004122986604172,0.2286669092938701,0.2814757687202273,0.24364302843419305,-23.44675052273325,-46.74743145608154
10305,251,888P-10-0,1.490960884522644,1.8186227645811524,1.8218240269308816,1.8868140633089217,0.22004122986604172,0.2286669092938701,0.2814757687202273,0.24364302843419305,-23.446984716083552,-46.744509782737886
10306,251,888P-10-0,1.490960884522644,1.8186227645811524,1.8218240269308816,1.8868140633089217,0.22004122986604172,0.2286669092938701,0.2814757687202273,0.24364302843419305,-23.44907910741788,-46.7423012585073
10307,251,888P-10-0,1.490960884522644,1.8186227645811524,1.8218240269308816,1.8868140633089217,0.22004122986604172,0.2286669092938701,0.2814757687202273,0.24364302843419305,-23.452346556282603,-46.742657604615715
10308,251,888P-10-0,1.490960884522644,1.8186227645811524,1.8218240269308816,1.8868140633089217,0.22004122986604172,0.2286669092938701,0.2814757687202273,0.24364302843419305,-23.45378448284757,-46.74259915689785
10309,251,888P-10-0,1.490960884522644,1.8186227645811524,1.8218240269308816,1.8868140633089217,0.22004122986604172,0.2286669092938701,0.2814757687202273,0.24364302843419305,-23.455003756534825,-46.73882537855317
10310,251,888P-10-0,1.490960884522644,1.8186227645811524,1.8218240269308816,1.8868140633089217,0.22004122986604172,0.2286669092938701,0.2814757687202273,0.24364302843419305,-23.452310403242908,-46.7354743183848
10311,251,888P-10-0,1.490960884522644,1.8186227645811524,1.8218240269308816,1.8868140633089217,0.22004122986604172,0.2286669092938701,0.2814757687202273,0.24364302843419305,-23.45033171795677,-46.73535683002681
10312,251,888P-10-0,1.490960884522644,1.8186227645811524,1.8218240269308816,1.8868140633089217,0.22004122986604172,0.2286669092938701,0.2814757687202273,0.24364302843419305,-23.44859228580708,-46.73472014016132
10313,251,888P-10-0,1.490960884522644,1.8186227645811524,1.8218240269308816,1.8868140633089217,0.22004122986604172,0.2286669092938701,0.2814757687202273,0.24364302843419305,-23.44649601666481,-46.73550598874135
10314,251,888P-10-0,1.490960884522644,1.8186227645811524,1.8218240269308816,1.8868140633089217,0.22004122986604172,0.2286669092938701,0.2814757687202273,0.24364302843419305,-23.444352306899052,-46.735623045673705
10315,251,888P-10-0,1.490960884522644,1.8186227645811524,1.8218240269308816,1.8868140633089217,0.22004122986604172,0.2286669092938701,0.2814757687202273,0.24364302843419305,-23.442293532671147,-46.734781138905646
10316,251,888P-10-0,1.490960884522644,1.8186227645811524,1.8218240269308816,1.8868140633089217,0.22004122986604172,0.2286669092938701,0.2814757687202273,0.24364302843419305,-23.440866677046795,-46.73239555902243
10317,251,888P-10-0,1.490960884522644,1.8186227645811524,1.8218240269308816,1.8868140633089217,0.22004122986604172,0.2286669092938701,0.2814757687202273,0.24364302843419305,-23.43886288361889,-46.73057273004671
10318,251,888P-10-0,1.490960884522644,1.8186227645811524,1.8218240269308816,1.8868140633089217,0.22004122986604172,0.2286669092938701,0.2814757687202273,0.24364302843419305,-23.43837639925565,-46.72868437295082
10319,251,888P-10-0,1.490960884522644,1.8186227645811524,1.8218240269308816,1.8868140633089217,0.22004122986604172,0.2286669092938701,0.2814757687202273,0.24364302843419305,-23.43632453288761,-46.72839676381908
10320,251,888P-10-0,1.490960884522644,1.8186227645811524,1.8218240269308816,1.8868140633089217,0.22004122986604172,0.2286669092938701,0.2814757687202273,0.24364302843419305,-23.434306676263624,-46.727941859586885
10321,251,888P-10-0,1.490960884522644,1.8186227645811524,1.8218240269308816,1.8868140633089217,0.22004122986604172,0.2286669092938701,0.2814757687202273,0.24364302843419305,-23.43221883973504,-46.72692546246868
10322,251,888P-10-0,1.490960884522644,1.8186227645811524,1.8218240269308816,1.8868140633089217,0.22004122986604172,0.2286669092938701,0.2814757687202273,0.24364302843419305,-23.4319413185741,-46.7251035392299
10323,251,888P-10-0,1.490960884522644,1.8186227645811524,1.8218240269308816,1.8868140633089217,0.22004122986604172,0.2286669092938701,0.2814757687202273,0.24364302843419305,-23.432831810668567,-46.723565090749425
10324,251,888P-10-0,1.490960884522644,1.8186227645811524,1.8218240269308816,1.8868140633089217,0.22004122986604172,0.2286669092938701,0.2814757687202273,0.24364302843419305,-23.43374578713339,-46.72147513773253
10325,251,888P-10-0,1.490960884522644,1.8186227645811524,1.8218240269308816,1.8868140633089217,0.22004122986604172,0.2286669092938701,0.2814757687202273,0.24364302843419305,-23.43484560945751,-46.718330671164246
10326,251,888P-10-0,1.490960884522644,1.8186227645811524,1.8218240269308816,1.8868140633089217,0.22004122986604172,0.2286669092938701,0.2814757687202273,0.24364302843419305,-23.4373606427727,-46.717480699696814
10327,251,888P-10-0,1.490960884522644,1.8186227645811524,1.8218240269308816,1.8868140633089217,0.22004122986604172,0.2286669092938701,0.2814757687202273,0.24364302843419305,-23.439869174456593,-46.716917463528326
10328,251,888P-10-0,1.490960884522644,1.8186227645811524,1.8218240269308816,1.8868140633089217,0.22004122986604172,0.2286669092938701,0.2814757687202273,0.24364302843419305,-23.44298427481071,-46.717237766035254
10329,251,888P-10-0,1.490960884522644,1.8186227645811524,1.8218240269308816,1.8868140633089217,0.22004122986604172,0.2286669092938701,0.2814757687202273,0.24364302843419305,-23.445394771054215,-46.7171551412001
10330,251,888P-10-0,1.490960884522644,1.8186227645811524,1.8218240269308816,1.8868140633089217,0.22004122986604172,0.2286669092938701,0.2814757687202273,0.24364302843419305,-23.447894102928533,-46.71704982108588
10331,251,888P-10-0,1.490960884522644,1.8186227645811524,1.8218240269308816,1.8868140633089217,0.22004122986604172,0.2286669092938701,0.2814757687202273,0.24364302843419305,-23.447257580366305,-46.714845092665186
10332,251,888P-10-0,1.490960884522644,1.8186227645811524,1.8218240269308816,1.8868140633089217,0.22004122986604172,0.2286669092938701,0.2814757687202273,0.24364302843419305,-23.44491506904745,-46.7140851388355
10333,251,888P-10-0,1.490960884522644,1.8186227645811524,1.8218240269308816,1.8868140633089217,0.22004122986604172,0.2286669092938701,0.2814757687202273,0.24364302843419305,-23.44269029471273,-46.7134194287333
10334,251,888P-10-0,1.490960884522644,1.8186227645811524,1.8218240269308816,1.8868140633089217,0.22004122986604172,0.2286669092938701,0.2814757687202273,0.24364302843419305,-23.441275715244736,-46.712077859663296
10335,251,888P-10-0,1.490960884522644,1.8186227645811524,1.8218240269308816,1.8868140633089217,0.22004122986604172,0.2286669092938701,0.2814757687202273,0.24364302843419305,-23.439836535194498,-46.71069512454474
10336,251,888P-10-0,1.490960884522644,1.8186227645811524,1.8218240269308816,1.8868140633089217,0.22004122986604172,0.2286669092938701,0.2814757687202273,0.24364302843419305,-23.442155244880084,-46.7103855720233
10337,251,888P-10-0,1.490960884522644,1.8186227645811524,1.8218240269308816,1.8868140633089217,0.22004122986604172,0.2286669092938701,0.2814757687202273,0.24364302843419305,-23.44325048048177,-46.708453067334354
10349,253,9005-10-0,1.6245767267921307,1.6344740424465425,1.6323766233584385,1.6422080395872154,0.17220380784474648,0.22440920779416595,0.2651551995548244,0.33410210099923554,-23.45435415454777,-46.69270492168439
10350,253,9005-10-0,1.6245767267921307,1.6344740424465425,1.6323766233584385,1.6422080395872154,0.17220380784474648,0.22440920779416595,0.2651551995548244,0.33410210099923554,-23.453582297692513,-46.691858809435246
10351,253,9005-10-0,1.6245767267921307,1.6344740424465425,1.6323766233584385,1.6422080395872154,0.17220380784474648,0.22440920779416595,0.2651551995548244,0.33410210099923554,-23.452325533505164,-46.69195457371089
10352,253,9005-10-0,1.6245767267921307,1.6344740424465425,1.6323766233584385,1.6422080395872154,0.17220380784474648,0.22440920779416595,0.2651551995548244,0.33410210099923554,-23.451461458083173,-46.6901719640227
10353,253,9005-10-0,1.6245767267921307,1.6344740424465425,1.6323766233584385,1.6422080395872154,0.17220380784474648,0.22440920779416595,0.2651551995548244,0.33410210099923554,-23.45310125989893,-46.6886191959573
10354,253,9005-10-0,1.6245767267921307,1.6344740424465425,1.6323766233584385,1.6422080395872154,0.17220380784474648,0.22440920779416595,0.2651551995548244,0.33410210099923554,-23.451773251141734,-46.68791220866666
10355,253,9005-10-0,1.6245767267921307,1.6344740424465425,1.6323766233584385,1.6422080395872154,0.17220380784474648,0.22440920779416595,0.2651551995548244,0.33410210099923554,-23.450570126277338,-46.68637672355359
10356,253,9005-10-0,1.6245767267921307,1.6344740424465425,1.6323766233584385,1.6422080395872154,0.17220380784474648,0.22440920779416595,0.2651551995548244,0.33410210099923554,-23.45031580831557,-46.683831287028504
10357,253,9005-10-0,1.6245767267921307,1.6344740424465425,1.6323766233584385,1.6422080395872154,0.17220380784474648,0.22440920779416595,0.2651551995548244,0.33410210099923554,-23.451470655307627,-46.68235489548845
10358,253,9005-10-0,1.6245767267921307,1.6344740424465425,1.6323766233584385,1.6422080395872154,0.17220380784474648,0.22440920779416595,0.2651551995548244,0.33410210099923554,-23.45037130684283,-46.681132713577384
10359,253,9005-10-0,1.6245767267921307,1.6344740424465425,1.6323766233584385,1.6422080395872154,0.17220380784474648,0.22440920779416595,0.2651551995548244,0.33410210099923554,-23.450402397885995,-46.679453286185705
10360,253,9005-10-0,1.6245767267921307,1.6344740424465425,1.6323766233584385,1.6422080395872154,0.17220380784474648,0.22440920779416595,0.2651551995548244,0.33410210099923554,-23.45074198530505,-46.6765502686701
10361,253,9005-10-0,1.6245767267921307,1.6344740424465425,1.6323766233584385,1.6422080395872154,0.17220380784474648,0.22440920779416595,0.2651551995548244,0.33410210099923554,-23.45294222833835,-46.67530265241002
10362,253,9005-10-0,1.6245767267921307,1.6344740424465425,1.6323766233584385,1.6422080395872154,0.17220380784474648,0.22440920779416595,0.2651551995548244,0.33410210099923554,-23.454898888342925,-46.675467411992614
10363,253,9005-10-0,1.6245767267921307,1.6344740424465425,1.6323766233584385,1.6422080395872154,0.17220380784474648,0.22440920779416595,0.2651551995548244,0.33410210099923554,-23.457570465790294,-46.6757067601317
10364,253,9005-10-0,1.6245767267921307,1.6344740424465425,1.6323766233584385,1.6422080395872154,0.17220380784474648,0.22440920779416595,0.2651551995548244,0.33410210099923554,-23.459787542014013,-46.67381531379259
10365,253,9005-10-0,1.6245767267921307,1.6344740424465425,1.6323766233584385,1.6422080395872154,0.17220380784474648,0.22440920779416595,0.2651551995548244,0.33410210099923554,-23.46172872851195,-46.67287678599309
10366,253,9005-10-0,1.6245767267921307,1.6344740424465425,1.6323766233584385,1.6422080395872154,0.17220380784474648,0.22440920779416595,0.2651551995548244,0.33410210099923554,-23.465057541142713,-46.671530889517044
10367,253,9005-10-0,1.6245767267921307,1.6344740424465425,1.6323766233584385,1.6422080395872154,0.17220380784474648,0.22440920779416595,0.2651551995548244,0.33410210099923554,-23.468410493114533,-46.67020909363504
10368,253,9005-10-0,1.6245767267921307,1.6344740424465425,1.6323766233584385,1.6422080395872154,0.17220380784474648,0.22440920779416595,0.2651551995548244,0.33410210099923554,-23.471260484578963,-46.67053238471539
10369,253,9005-10-0,1.6245767267921307,1.6344740424465425,1.6323766233584385,1.6422080395872154,0.17220380784474648,0.22440920779416595,0.2651551995548244,0.33410210099923554,-23.476867582160807,-46.67264133322937
