data,hora_utc,temp_hora_celsius,umidade_perc,pressao_hPa,veloc_vento_ms,dir_vento_ms,nebulosidade_decimos,insolacao_h,temp_max_Diaria_h,temp_min_diaria_h,chuva_diaria_mm,
01/01/2017,0000,26.8,61.0,923.4,2.1,5.0,10.0,8.50,31.7,,,
01/01/2017,1200,26.2,63.0,924.7,3.3,32.0,6.0,,,18.1,0.0,
01/01/2017,1800,31.5,45.0,923.3,4.6,32.0,7.0,,,,,
02/01/2017,0000,25.0,78.0,924.2,2.5,32.0,10.0,5.60,31.3,,,
02/01/2017,1200,24.8,72.0,924.2,3.3,5.0,6.0,,,18.1,16.0,
02/01/2017,1800,,,,,,,,,,,
03/01/2017,0000,22.8,89.0,922.8,2.5,23.0,10.0,7.00,31.3,,,
03/01/2017,1200,24.6,76.0,925.1,3.0,14.0,7.0,,,19.2,3.7,
03/01/2017,1800,,,,,,,,,,,
04/01/2017,0000,20.2,93.0,923.7,3.0,23.0,10.0,4.20,30.3,,,
04/01/2017,1200,22.6,75.0,924.3,1.6,23.0,10.0,,,18.8,5.0,
04/01/2017,1800,,,,,,,,,,,
05/01/2017,0000,27.0,56.0,923.6,2.5,32.0,10.0,6.10,31.2,,,
05/01/2017,1200,25.8,67.0,926.0,2.5,32.0,5.0,,,21.9,0.0,
05/01/2017,1800,,,,,,,,,,,
06/01/2017,0000,25.3,60.0,924.3,0.8,32.0,2.0,4.00,30.4,,,
06/01/2017,1200,24.0,74.0,926.1,1.6,27.0,10.0,,,21.6,0.0,
06/01/2017,1800,,,,,,,,,,,
07/01/2017,0000,24.5,78.0,925.6,2.1,18.0,10.0,2.30,30.2,,,
07/01/2017,1200,24.5,86.0,926.0,1.6,36.0,10.0,,,18.3,1.2,
07/01/2017,1800,,,,,,,,,,,
08/01/2017,0000,21.8,92.0,925.0,1.6,36.0,10.0,5.60,30.3,,,
08/01/2017,1200,23.2,84.0,924.2,0.8,5.0,10.0,,,18.4,82.8,
08/01/2017,1800,,,,,,,,,,,
09/01/2017,0000,23.2,89.0,922.1,0.0,0.0,3.0,2.10,30.4,,,
09/01/2017,1200,24.2,70.0,922.8,2.5,32.0,10.0,,,20.9,11.0,
09/01/2017,1800,,,,,,,,,,,
10/01/2017,0000,21.8,91.0,921.8,2.5,32.0,10.0,8.00,30.6,,,
10/01/2017,1200,23.4,79.0,922.9,2.1,32.0,10.0,,,20.3,16.7,
10/01/2017,1800,,,,,,,,,,,
11/01/2017,0000,26.8,67.0,922.4,2.1,32.0,6.0,2.70,30.1,,,
11/01/2017,1200,24.2,77.0,923.9,1.6,32.0,10.0,,,20.9,0.0,
11/01/2017,1800,24.0,78.0,922.5,4.6,18.0,10.0,,,,,
12/01/2017,0000,24.0,80.0,923.1,2.8,18.0,10.0,0.40,25.7,,,
12/01/2017,1200,23.8,84.0,924.8,2.5,14.0,10.0,,,19.8,15.6,
12/01/2017,1800,,,,,,,,,,,
13/01/2017,0000,21.5,93.0,924.7,3.0,14.0,10.0,3.10,28.2,,,
13/01/2017,1200,21.4,85.0,924.5,2.1,14.0,10.0,,,18.3,4.2,
13/01/2017,1800,,,,,,,,,,,
14/01/2017,0000,23.0,83.0,923.0,1.6,14.0,10.0,5.70,31.9,,,
14/01/2017,1200,22.5,80.0,923.1,1.6,14.0,4.0,,,20.2,0.0,
14/01/2017,1800,,,,,,,,,,,
15/01/2017,0000,24.2,80.0,920.8,2.5,14.0,10.0,5.00,30.7,,,
15/01/2017,1200,23.4,80.0,922.7,1.6,14.0,6.0,,,20.3,0.0,
15/01/2017,1800,,,,,,,,,,,
16/01/2017,0000,24.0,89.0,921.9,3.3,14.0,10.0,5.70,29.0,,,
16/01/2017,1200,24.0,82.0,922.3,3.3,14.0,8.0,,,18.6,115.0,
16/01/2017,1800,,,,,,,,,,,
17/01/2017,0000,24.2,85.0,921.9,0.0,0.0,10.0,0.00,24.2,,,
17/01/2017,1200,21.5,85.0,922.3,2.5,14.0,10.0,,,18.5,30.8,
17/01/2017,1800,,,,,,,,,,,
18/01/2017,0000,24.0,74.0,920.5,1.6,14.0,10.0,0.00,24.0,,,
18/01/2017,1200,22.2,86.0,922.6,3.3,32.0,10.0,,,18.4,23.0,
18/01/2017,1800,,,,,,,,,,,
19/01/2017,0000,21.5,96.0,923.0,0.8,5.0,10.0,0.00,25.4,,,
19/01/2017,1200,22.0,88.0,925.8,2.5,32.0,10.0,,,18.8,15.2,
19/01/2017,1800,,,,,,,,,,,
20/01/2017,0000,20.0,93.0,926.8,2.0,32.0,10.0,0.10,23.8,,,
20/01/2017,1200,19.9,94.0,928.8,1.6,32.0,10.0,,,17.8,15.8,
20/01/2017,1800,,,,,,,,,,,
21/01/2017,0000,20.1,95.0,927.2,3.0,32.0,10.0,0.00,22.0,,,
21/01/2017,1200,20.3,95.0,927.6,3.0,9.0,10.0,,,16.8,17.0,
21/01/2017,1800,,,,,,,,,,,
22/01/2017,0000,18.2,99.0,926.3,1.6,5.0,10.0,0.60,21.9,,,
22/01/2017,1200,19.0,91.0,926.1,0.0,0.0,10.0,,,16.2,46.6,
22/01/2017,1800,,,,,,,,,,,
23/01/2017,0000,20.4,94.0,924.3,0.0,0.0,10.0,1.40,25.5,,,
23/01/2017,1200,20.5,89.0,925.1,1.0,14.0,10.0,,,17.6,4.6,
23/01/2017,1800,,,,,,,,,,,
24/01/2017,0000,22.2,88.0,924.4,2.6,14.0,10.0,8.00,29.5,,,
24/01/2017,1200,23.8,72.0,925.3,1.6,32.0,5.0,,,19.0,8.0,
24/01/2017,1800,,,,,,,,,,,
25/01/2017,0000,23.3,85.0,923.9,2.0,32.0,2.0,6.20,28.7,,,
25/01/2017,1200,23.0,80.0,925.6,3.0,32.0,10.0,,,20.3,8.8,
25/01/2017,1800,,,,,,,,,,,
26/01/2017,0000,25.0,71.0,922.4,2.6,30.0,10.0,0.20,25.1,,,
26/01/2017,1200,23.2,80.0,924.5,3.3,32.0,10.0,,,20.9,0.0,
26/01/2017,1800,,,,,,,,,,,
27/01/2017,0000,22.2,85.0,925.0,0.0,0.0,10.0,1.50,25.5,,,
27/01/2017,1200,23.0,83.0,926.7,0.0,0.0,10.0,,,18.1,8.8,
27/01/2017,1800,,,,,,,,,,,
28/01/2017,0000,22.5,86.0,927.4,0.0,0.0,10.0,7.00,25.6,,,
28/01/2017,1200,23.4,83.0,929.3,2.0,32.0,10.0,,,18.2,0.0,
28/01/2017,1800,,,,,,,,,,,
29/01/2017,0000,23.2,92.0,926.5,2.6,32.0,10.0,8.80,32.0,,,
29/01/2017,1200,24.2,79.0,929.8,1.6,14.0,10.0,,,20.3,0.0,
29/01/2017,1800,,,,,,,,,,,
30/01/2017,0000,24.0,75.0,929.8,4.1,14.0,10.0,5.10,29.3,,,
30/01/2017,1200,24.1,76.0,928.6,3.3,14.0,8.0,,,18.6,0.0,
30/01/2017,1800,,,,,,,,,,,
31/01/2017,0000,21.0,87.0,927.5,3.3,14.0,10.0,3.80,29.0,,,
31/01/2017,1200,22.5,84.0,927.9,3.3,14.0,10.0,,,18.7,4.2,
31/01/2017,1800,,,,,,,,,,,
01/02/2017,0000,23.4,79.0,925.6,1.6,14.0,10.0,0.60,27.6,,,
01/02/2017,1200,22.0,82.0,925.2,3.3,14.0,10.0,,,18.6,1.0,
01/02/2017,1800,26.5,61.0,922.9,2.5,32.0,10.0,,,,,
02/02/2017,0000,20.0,95.0,923.2,0.0,0.0,10.0,4.30,27.0,,,
02/02/2017,1200,23.0,74.0,923.1,1.6,14.0,10.0,,,18.6,26.5,
02/02/2017,1800,23.2,79.0,923.7,2.5,14.0,10.0,,,,,
03/02/2017,0000,24.4,71.0,922.1,3.3,14.0,10.0,4.40,29.2,,,
03/02/2017,1200,21.8,78.0,923.9,3.0,14.0,10.0,,,19.6,1.0,
03/02/2017,1800,28.1,60.0,922.0,3.3,32.0,10.0,,,,,
04/02/2017,0000,26.0,66.0,922.3,1.6,32.0,10.0,3.80,28.2,,,
04/02/2017,1200,24.4,72.0,923.8,1.6,32.0,6.0,,,19.2,4.5,
04/02/2017,1800,27.0,67.0,922.0,1.6,32.0,6.0,,,,,
05/02/2017,0000,22.2,98.0,922.7,1.6,32.0,10.0,11.00,31.8,,,
05/02/2017,1200,24.6,71.0,923.5,0.8,32.0,1.0,,,18.8,8.2,
05/02/2017,1800,30.9,47.0,920.7,2.5,5.0,7.0,,,,,
06/02/2017,0000,25.6,79.0,922.3,1.6,36.0,1.0,7.90,30.8,,,
06/02/2017,1200,25.0,66.0,921.1,2.5,32.0,0.0,,,19.5,0.0,
06/02/2017,1800,29.9,48.0,930.1,2.3,32.0,10.0,,,,,
07/02/2017,0000,21.0,90.0,922.3,1.0,32.0,10.0,7.40,28.8,,,
07/02/2017,1200,24.3,72.0,923.0,0.8,5.0,7.0,,,18.3,38.2,
07/02/2017,1800,27.1,65.0,921.6,5.6,23.0,8.0,,,,,
08/02/2017,0000,23.2,81.0,924.0,4.3,14.0,10.0,10.30,28.4,,,
08/02/2017,1200,23.8,76.0,925.2,3.0,32.0,7.0,,,19.7,0.0,
08/02/2017,1800,27.9,68.0,925.8,4.6,14.0,8.0,,,,,
09/02/2017,0000,22.6,76.0,924.6,4.1,14.0,10.0,9.00,27.5,,,
09/02/2017,1200,23.7,58.0,926.4,3.3,9.0,3.0,,,18.1,0.0,
09/02/2017,1800,26.7,54.0,924.5,3.3,18.0,8.0,,,,,
10/02/2017,0000,21.6,76.0,925.3,3.3,14.0,7.0,6.00,29.4,,,
10/02/2017,1200,22.4,73.0,925.7,3.3,9.0,10.0,,,18.6,0.0,
10/02/2017,1800,28.1,52.0,923.5,3.3,9.0,9.0,,,,,
11/02/2017,0000,23.2,78.0,924.8,3.3,14.0,10.0,10.60,31.2,,,
11/02/2017,1200,26.0,65.0,925.0,2.8,36.0,4.0,,,20.4,0.0,
11/02/2017,1800,30.5,44.0,921.7,3.3,32.0,8.0,,,,,
12/02/2017,0000,25.0,75.0,922.7,2.3,5.0,2.0,7.20,31.1,,,
12/02/2017,1200,27.0,60.0,923.3,2.5,9.0,2.0,,,20.9,0.0,
12/02/2017,1800,30.0,47.0,920.6,2.6,9.0,8.0,,,,,
13/02/2017,0000,25.8,66.0,922.0,2.3,18.0,6.0,11.60,31.7,,,
13/02/2017,1200,25.5,65.0,923.9,3.3,14.0,10.0,,,21.7,0.0,
13/02/2017,1800,31.1,44.0,922.7,3.3,14.0,6.0,,,,,
14/02/2017,0000,27.3,62.0,922.7,3.3,14.0,2.0,9.70,32.8,,,
14/02/2017,1200,26.0,61.0,928.3,2.3,5.0,7.0,,,20.7,0.0,
14/02/2017,1800,31.8,39.0,927.0,3.3,27.0,7.0,,,,,
15/02/2017,0000,26.1,64.0,930.0,2.3,9.0,6.0,9.00,31.8,,,
15/02/2017,1200,25.6,69.0,929.9,1.6,14.0,3.0,,,21.3,0.0,
15/02/2017,1800,30.9,44.0,929.1,2.6,18.0,9.0,,,,,
16/02/2017,0000,26.0,66.0,928.8,0.0,0.0,1.0,7.40,31.7,,,
16/02/2017,1200,26.3,59.0,929.6,1.6,36.0,2.0,,,20.6,0.0,
16/02/2017,1800,29.1,63.0,926.1,2.8,18.0,10.0,,,,,
17/02/2017,0000,25.4,62.0,925.9,2.1,14.0,3.0,10.00,33.4,,,
17/02/2017,1200,27.5,59.0,925.2,0.8,27.0,0.0,,,20.3,0.0,
17/02/2017,1800,33.0,38.0,924.4,1.6,27.0,6.0,,,,,
18/02/2017,0000,26.5,55.0,925.4,1.3,36.0,3.0,10.30,34.0,,,
18/02/2017,1200,25.8,53.0,925.9,0.8,32.0,0.0,,,20.2,0.0,
18/02/2017,1800,33.6,35.0,923.7,2.0,36.0,5.0,,,,,
19/02/2017,0000,26.3,41.0,926.9,2.8,18.0,8.0,9.10,34.6,,,
19/02/2017,1200,26.6,64.0,927.9,0.0,0.0,0.0,,,21.8,0.0,
19/02/2017,1800,32.7,44.0,925.7,2.5,14.0,8.0,,,,,
20/02/2017,0000,26.0,64.0,926.2,3.3,14.0,1.0,10.80,33.5,,,
20/02/2017,1200,26.0,76.0,928.8,2.6,14.0,5.0,,,20.7,0.0,
20/02/2017,1800,29.9,59.0,928.3,4.6,14.0,3.0,,,,,
21/02/2017,0000,23.6,74.0,925.6,3.0,18.0,10.0,10.90,31.9,,,
21/02/2017,1200,25.2,66.0,929.5,2.5,5.0,6.0,,,18.9,0.0,
21/02/2017,1800,30.3,83.0,926.3,3.3,18.0,8.0,,,,,
22/02/2017,0000,22.8,78.0,927.0,3.6,14.0,6.0,7.50,32.8,,,
22/02/2017,1200,25.2,67.0,928.0,0.0,0.0,7.0,,,19.6,0.0,
22/02/2017,1800,31.4,33.0,925.2,1.6,14.0,7.0,,,,,
23/02/2017,0000,23.5,73.0,925.2,1.6,14.0,2.0,10.80,33.2,,,
23/02/2017,1200,26.7,58.0,927.0,1.6,36.0,3.0,,,20.8,0.5,
23/02/2017,1800,31.6,40.0,923.4,2.6,36.0,6.0,,,,,
24/02/2017,0000,26.7,60.0,924.1,2.5,18.0,5.0,5.60,29.7,,,
24/02/2017,1200,26.8,61.0,924.8,2.5,18.0,10.0,,,17.8,0.0,
24/02/2017,1800,27.5,65.0,923.5,1.6,18.0,10.0,,,,,
25/02/2017,0000,20.4,86.0,925.0,1.0,18.0,10.0,0.70,24.4,,,
25/02/2017,1200,21.5,78.0,924.4,3.0,32.0,10.0,,,17.8,34.8,
25/02/2017,1800,21.5,83.0,924.1,2.5,32.0,10.0,,,,,
26/02/2017,0000,22.0,81.0,923.7,0.0,0.0,1.0,4.30,27.6,,,
26/02/2017,1200,23.4,71.0,925.5,1.3,27.0,9.0,,,19.5,0.0,
26/02/2017,1800,22.7,84.0,922.8,1.6,36.0,10.0,,,,,
27/02/2017,0000,21.7,88.0,925.2,0.8,18.0,8.0,6.90,29.0,,,
27/02/2017,1200,22.9,75.0,924.4,2.3,32.0,2.0,,,19.0,12.6,
27/02/2017,1800,28.7,52.0,921.9,2.5,32.0,10.0,,,,,
28/02/2017,0000,22.8,82.0,922.2,2.5,32.0,10.0,10.40,30.2,,,
28/02/2017,1200,24.8,66.0,923.0,2.0,36.0,3.0,,,18.2,0.0,
28/02/2017,1800,29.0,52.0,919.6,4.1,36.0,7.0,,,,,
01/03/2017,0000,24.2,73.0,920.0,1.6,5.0,4.0,10.30,30.9,,,
01/03/2017,1200,24.8,63.0,921.3,2.5,14.0,7.0,,,20.7,0.0,
01/03/2017,1800,30.1,45.0,920.9,3.3,14.0,10.0,,,,,
02/03/2017,0000,27.1,72.0,921.6,2.5,23.0,6.0,4.90,28.7,,,
02/03/2017,1200,24.4,72.0,924.3,3.0,36.0,7.0,,,21.4,0.0,
02/03/2017,1800,28.0,57.0,922.6,3.5,27.0,8.0,,,,,
03/03/2017,0000,22.3,84.0,925.3,3.3,18.0,9.0,1.60,27.5,,,
03/03/2017,1200,22.8,84.0,926.4,1.0,32.0,10.0,,,19.5,7.0,
03/03/2017,1800,26.8,66.0,924.0,3.6,5.0,10.0,,,,,
04/03/2017,0000,21.8,90.0,925.2,1.6,9.0,10.0,2.50,29.0,,,
04/03/2017,1200,23.2,82.0,923.9,1.6,32.0,10.0,,,20.3,5.8,
04/03/2017,1800,28.9,60.0,920.1,3.3,32.0,8.0,,,,,
05/03/2017,0000,23.3,77.0,922.1,2.5,36.0,8.0,4.40,29.6,,,
05/03/2017,1200,23.2,84.0,922.0,2.3,32.0,10.0,,,19.8,0.0,
05/03/2017,1800,27.3,66.0,919.8,5.0,32.0,10.0,,,,,
06/03/2017,0000,21.6,95.0,922.4,1.6,36.0,10.0,1.10,27.4,,,
06/03/2017,1200,24.0,76.0,924.0,2.3,23.0,9.0,,,19.8,31.0,
06/03/2017,1800,22.1,95.0,923.2,1.8,18.0,10.0,,,,,
07/03/2017,0000,21.6,91.0,924.5,2.3,23.0,8.0,6.40,29.2,,,
07/03/2017,1200,23.2,82.0,926.4,1.6,14.0,8.0,,,15.6,36.8,
07/03/2017,1800,27.3,68.0,923.9,5.0,23.0,10.0,,,,,
08/03/2017,0000,20.8,88.0,926.2,2.6,23.0,10.0,2.60,28.2,,,
08/03/2017,1200,22.0,89.0,926.2,1.6,9.0,10.0,,,15.6,43.6,
08/03/2017,1800,27.1,61.0,924.2,3.6,9.0,10.0,,,,,
09/03/2017,0000,22.8,84.0,925.7,3.0,14.0,10.0,9.30,30.7,,,
09/03/2017,1200,23.1,79.0,925.4,1.6,14.0,8.0,,,18.6,0.0,
09/03/2017,1800,30.6,51.0,922.4,2.0,14.0,6.0,,,,,
10/03/2017,0000,25.6,79.0,922.7,1.3,18.0,0.0,6.90,31.0,,,
10/03/2017,1200,26.0,70.0,925.7,0.0,0.0,10.0,,,20.5,0.0,
10/03/2017,1800,30.1,55.0,923.2,2.5,14.0,10.0,,,,,
11/03/2017,0000,23.0,85.0,926.0,2.0,14.0,10.0,5.40,30.6,,,
11/03/2017,1200,25.0,79.0,926.5,1.6,32.0,7.0,,,20.4,4.6,
11/03/2017,1800,30.2,58.0,924.4,2.5,32.0,10.0,,,,,
12/03/2017,0000,24.4,79.0,925.7,2.5,32.0,10.0,10.20,31.5,,,
12/03/2017,1200,25.0,78.0,925.0,0.7,14.0,0.0,,,20.3,0.0,
12/03/2017,1800,31.2,36.0,922.6,3.0,14.0,7.0,,,,,
13/03/2017,0000,28.1,58.0,921.4,1.6,14.0,0.0,0.00,28.1,,,
13/03/2017,1200,23.8,76.0,925.8,1.6,14.0,10.0,,,20.6,0.0,
13/03/2017,1800,25.2,66.0,924.6,4.1,18.0,10.0,,,,,
14/03/2017,0000,21.8,86.0,925.8,2.5,18.0,10.0,1.10,25.8,,,
14/03/2017,1200,21.2,88.0,927.5,3.3,14.0,10.0,,,18.6,0.0,
14/03/2017,1800,25.5,72.0,925.0,4.5,14.0,7.0,,,,,
15/03/2017,0000,21.0,92.0,927.0,2.6,23.0,10.0,4.60,28.4,,,
15/03/2017,1200,22.4,82.0,927.6,3.3,18.0,8.0,,,18.8,3.2,
15/03/2017,1800,28.1,58.0,925.1,2.5,18.0,9.0,,,,,
16/03/2017,0000,23.6,79.0,925.5,3.3,14.0,10.0,10.20,30.2,,,
16/03/2017,1200,24.8,69.0,926.0,1.6,5.0,2.0,,,18.4,0.0,
16/03/2017,1800,29.7,46.0,923.6,3.3,32.0,8.0,,,,,
17/03/2017,0000,26.2,64.0,924.2,1.6,32.0,4.0,6.10,29.2,,,
17/03/2017,1200,26.6,64.0,925.4,1.6,32.0,6.0,,,18.8,0.0,
17/03/2017,1800,24.0,83.0,923.7,3.3,18.0,10.0,,,,,
18/03/2017,0000,20.3,93.0,927.3,2.5,23.0,10.0,0.00,21.9,,,
18/03/2017,1200,20.6,88.0,927.5,2.6,18.0,10.0,,,17.2,18.6,
18/03/2017,1800,19.0,93.0,926.8,4.3,23.0,10.0,,,,,
19/03/2017,0000,18.6,93.0,929.8,5.0,14.0,10.0,0.00,19.5,,,
19/03/2017,1200,18.4,89.0,928.1,1.6,9.0,10.0,,,15.5,0.6,
19/03/2017,1800,18.8,88.0,926.9,2.5,18.0,10.0,,,,,
20/03/2017,0000,18.6,89.0,928.1,3.0,14.0,10.0,5.10,24.8,,,
20/03/2017,1200,20.8,68.0,929.8,3.6,14.0,10.0,,,16.5,0.2,
20/03/2017,1800,23.0,62.0,927.8,4.1,14.0,9.0,,,,,
21/03/2017,0000,18.0,79.0,928.1,3.3,14.0,10.0,7.60,25.5,,,
21/03/2017,1200,19.0,80.0,931.2,2.5,14.0,10.0,,,14.3,0.0,
21/03/2017,1800,24.5,59.0,928.8,3.3,18.0,9.0,,,,,
22/03/2017,0000,19.3,81.0,930.5,4.1,14.0,10.0,10.40,27.0,,,
22/03/2017,1200,20.0,76.0,931.7,3.3,14.0,3.0,,,14.2,0.0,
22/03/2017,1800,26.0,58.0,927.8,4.5,14.0,6.0,,,,,
23/03/2017,0000,20.5,81.0,929.4,3.0,23.0,7.0,7.00,27.3,,,
23/03/2017,1200,20.6,73.0,929.3,3.3,36.0,6.0,,,14.4,0.0,
23/03/2017,1800,27.0,52.0,925.6,1.6,14.0,7.0,,,,,
24/03/2017,0000,21.0,80.0,926.5,2.5,18.0,10.0,7.00,28.7,,,
24/03/2017,1200,20.4,76.0,926.6,1.0,14.0,1.0,,,16.0,0.0,
24/03/2017,1800,28.3,46.0,923.4,3.0,32.0,9.0,,,,,
25/03/2017,0000,21.4,87.0,924.7,1.3,32.0,8.0,5.80,27.0,,,
25/03/2017,1200,22.8,73.0,925.0,0.0,0.0,3.0,,,17.9,8.0,
25/03/2017,1800,24.4,71.0,924.2,2.5,14.0,10.0,,,,,
26/03/2017,0000,20.7,77.0,924.3,2.1,14.0,3.0,8.10,26.3,,,
26/03/2017,1200,21.0,79.0,926.7,2.0,14.0,8.0,,,16.5,1.0,
26/03/2017,1800,25.2,57.0,924.3,3.0,14.0,10.0,,,,,
27/03/2017,0000,20.4,75.0,925.6,3.3,23.0,1.0,0.20,24.5,,,
27/03/2017,1200,20.0,78.0,927.5,2.5,14.0,10.0,,,16.5,0.0,
27/03/2017,1800,24.4,60.0,925.2,3.3,14.0,10.0,,,,,
28/03/2017,0000,20.0,83.0,925.4,3.3,14.0,10.0,7.30,26.1,,,
28/03/2017,1200,21.7,63.0,927.7,1.6,14.0,7.0,,,16.9,0.0,
28/03/2017,1800,25.1,67.0,926.2,4.5,36.0,6.0,,,,,
29/03/2017,0000,20.0,78.0,927.2,4.1,36.0,6.0,9.30,24.8,,,
29/03/2017,1200,20.2,55.0,928.2,2.5,14.0,5.0,,,16.0,0.0,
29/03/2017,1800,24.4,50.0,926.1,4.0,18.0,7.0,,,,,
30/03/2017,0000,18.7,80.0,926.5,4.1,18.0,10.0,7.00,25.0,,,
30/03/2017,1200,19.9,72.0,927.9,2.3,14.0,8.0,,,15.3,0.0,
30/03/2017,1800,24.3,58.0,925.7,4.1,14.0,8.0,,,,,
31/03/2017,0000,18.1,77.0,928.2,1.6,18.0,5.0,7.40,23.2,,,
31/03/2017,1200,20.2,70.0,928.8,1.6,14.0,10.0,,,15.8,0.0,
31/03/2017,1800,21.3,60.0,928.1,3.3,18.0,10.0,,,,,
01/04/2017,0000,17.6,79.0,930.4,3.3,14.0,10.0,7.10,23.9,,,
01/04/2017,1200,19.0,84.0,930.0,3.3,14.0,7.0,,,16.0,0.0,
01/04/2017,1800,22.7,58.0,928.5,5.0,18.0,7.0,,,,,
02/04/2017,0000,18.0,79.0,929.6,3.0,23.0,9.0,6.50,25.2,,,
02/04/2017,1200,17.0,93.0,928.1,2.6,18.0,10.0,,,15.9,0.6,
02/04/2017,1800,24.7,56.0,925.4,2.5,18.0,6.0,,,,,
03/04/2017,0000,19.5,82.0,926.4,2.6,14.0,7.0,9.40,27.6,,,
03/04/2017,1200,20.0,76.0,927.6,2.0,14.0,3.0,,,15.9,0.0,
03/04/2017,1800,27.0,47.0,924.3,1.3,27.0,6.0,,,,,
04/04/2017,0000,20.5,95.0,926.4,2.6,14.0,10.0,8.50,29.7,,,
04/04/2017,1200,21.6,75.0,927.1,1.6,18.0,2.0,,,17.8,0.0,
04/04/2017,1800,28.3,41.0,923.9,2.5,18.0,8.0,,,,,
05/04/2017,0000,21.8,83.0,925.7,1.6,18.0,0.0,9.60,30.4,,,
05/04/2017,1200,22.7,71.0,926.3,1.6,14.0,4.0,,,18.6,0.0,
05/04/2017,1800,29.7,36.0,923.0,2.5,14.0,6.0,,,,,
06/04/2017,0000,26.4,62.0,923.9,1.6,23.0,10.0,0.60,26.4,,,
06/04/2017,1200,20.4,88.0,927.3,1.6,32.0,10.0,,,19.8,5.0,
06/04/2017,1800,25.3,73.0,922.2,3.3,36.0,10.0,,,,,
07/04/2017,0000,22.6,88.0,924.3,1.1,23.0,7.0,0.00,22.6,,,
07/04/2017,1200,20.8,93.0,926.9,0.0,0.0,10.0,,,19.6,82.1,
07/04/2017,1800,22.5,98.0,925.0,0.8,14.0,10.0,,,,,
08/04/2017,0000,21.4,92.0,926.3,2.3,14.0,10.0,3.20,26.2,,,
08/04/2017,1200,22.4,87.0,928.1,2.0,14.0,10.0,,,20.2,18.0,
08/04/2017,1800,25.4,79.0,925.8,2.5,14.0,10.0,,,,,
09/04/2017,0000,21.8,83.0,928.1,3.0,14.0,10.0,6.30,27.6,,,
09/04/2017,1200,21.5,87.0,928.2,2.5,14.0,10.0,,,19.6,0.0,
09/04/2017,1800,26.3,66.0,927.2,2.5,14.0,10.0,,,,,
10/04/2017,0000,22.2,86.0,927.2,3.6,14.0,10.0,6.70,28.8,,,
10/04/2017,1200,23.2,78.0,926.8,2.5,14.0,8.0,,,20.4,0.0,
10/04/2017,1800,27.9,60.0,924.6,1.6,14.0,7.0,,,,,
11/04/2017,0000,23.0,88.0,925.3,3.0,18.0,10.0,7.90,29.6,,,
11/04/2017,1200,24.8,77.0,926.1,1.6,32.0,9.0,,,21.2,4.8,
11/04/2017,1800,28.9,53.0,923.4,2.5,32.0,10.0,,,,,
12/04/2017,0000,25.2,78.0,925.5,1.6,18.0,2.0,0.60,25.2,,,
12/04/2017,1200,19.8,87.0,927.9,2.5,14.0,10.0,,,17.6,0.0,
12/04/2017,1800,20.0,77.0,926.6,5.0,23.0,10.0,,,,,
13/04/2017,0000,18.4,85.0,928.5,2.6,23.0,10.0,0.00,20.3,,,
13/04/2017,1200,19.2,81.0,929.2,2.6,14.0,10.0,,,17.4,1.7,
13/04/2017,1800,19.5,64.0,928.2,3.3,32.0,10.0,,,,,
14/04/2017,0000,17.7,85.0,929.3,4.1,9.0,10.0,1.30,24.1,,,
14/04/2017,1200,18.4,86.0,929.5,2.6,14.0,10.0,,,16.5,0.0,
14/04/2017,1800,23.0,70.0,927.0,2.5,23.0,10.0,,,,,
15/04/2017,0000,19.4,85.0,928.7,2.0,14.0,10.0,10.00,27.6,,,
15/04/2017,1200,22.9,74.0,928.8,1.6,14.0,8.0,,,17.9,0.0,
15/04/2017,1800,27.2,55.0,927.3,3.0,18.0,8.0,,,,,
16/04/2017,0000,20.0,85.0,928.3,2.0,14.0,4.0,7.90,29.1,,,
16/04/2017,1200,20.5,83.0,926.7,2.1,9.0,8.0,,,17.3,0.0,
16/04/2017,1800,29.0,41.0,924.2,4.1,27.0,8.0,,,,,
17/04/2017,0000,24.1,62.0,925.4,2.3,14.0,0.0,0.00,24.1,,,
17/04/2017,1200,20.4,86.0,926.7,0.0,0.0,10.0,,,17.2,0.4,
17/04/2017,1800,19.5,85.0,925.9,3.3,23.0,10.0,,,,,
18/04/2017,0000,18.5,91.0,927.3,3.3,23.0,10.0,3.90,22.6,,,
18/04/2017,1200,18.7,73.0,930.0,3.3,9.0,10.0,,,16.4,0.0,
18/04/2017,1800,21.7,60.0,928.0,5.0,23.0,8.0,,,,,
19/04/2017,0000,17.0,79.0,929.7,3.3,9.0,4.0,3.20,23.0,,,
19/04/2017,1200,17.2,84.0,930.1,4.1,14.0,10.0,,,14.7,0.0,
19/04/2017,1800,22.2,50.0,926.8,4.1,14.0,10.0,,,,,
20/04/2017,0000,17.7,80.0,927.3,3.3,18.0,0.0,8.10,27.9,,,
20/04/2017,1200,18.0,75.0,927.2,3.3,14.0,10.0,,,16.0,0.0,
20/04/2017,1800,27.1,56.0,922.9,0.8,27.0,7.0,,,,,
21/04/2017,0000,22.5,74.0,923.6,3.3,23.0,0.0,0.00,24.5,,,
21/04/2017,1200,20.6,82.0,923.9,3.3,14.0,10.0,,,17.6,0.4,
21/04/2017,1800,24.5,66.0,922.3,3.3,14.0,10.0,,,,,
22/04/2017,0000,22.2,80.0,920.7,1.6,32.0,10.0,4.80,22.4,,,
22/04/2017,1200,17.6,83.0,926.0,3.6,18.0,7.0,,,15.1,16.3,
22/04/2017,1800,21.4,67.0,924.9,1.6,18.0,10.0,,,,,
23/04/2017,0000,17.4,90.0,928.1,3.3,14.0,10.0,0.60,21.0,,,
23/04/2017,1200,17.4,87.0,930.4,3.6,18.0,10.0,,,16.1,2.6,
23/04/2017,1800,21.0,73.0,927.9,3.3,18.0,10.0,,,,,
24/04/2017,0000,17.5,85.0,929.5,3.6,18.0,10.0,9.80,27.0,,,
24/04/2017,1200,18.4,73.0,929.7,3.6,14.0,4.0,,,14.9,0.0,
24/04/2017,1800,25.4,59.0,925.7,1.6,14.0,7.0,,,,,
25/04/2017,0000,19.0,91.0,926.9,3.6,23.0,10.0,9.60,28.5,,,
25/04/2017,1200,21.9,74.0,925.3,3.3,9.0,9.0,,,17.4,0.0,
25/04/2017,1800,28.4,53.0,922.2,3.3,36.0,8.0,,,,,
26/04/2017,0000,22.5,76.0,923.6,2.3,5.0,4.0,0.30,24.2,,,
26/04/2017,1200,24.2,71.0,932.2,5.8,14.0,10.0,,,17.6,0.0,
26/04/2017,1800,20.0,79.0,931.4,4.0,14.0,10.0,,,,,
27/04/2017,0000,18.9,86.0,923.1,3.6,14.0,10.0,0.00,19.9,,,
27/04/2017,1200,18.6,90.0,927.4,1.3,36.0,10.0,,,14.2,11.0,
27/04/2017,1800,16.0,91.0,927.1,2.1,18.0,10.0,,,,,
28/04/2017,0000,14.9,92.0,929.7,2.0,18.0,10.0,0.00,16.1,,,
28/04/2017,1200,14.0,92.0,931.9,3.3,18.0,10.0,,,13.6,0.2,
28/04/2017,1800,15.8,82.0,930.7,3.5,18.0,10.0,,,,,
29/04/2017,0000,13.9,94.0,931.8,2.3,18.0,10.0,0.00,19.1,,,
29/04/2017,1200,16.3,82.0,932.3,3.3,18.0,10.0,,,13.4,0.0,
29/04/2017,1800,18.7,79.0,929.4,4.0,14.0,10.0,,,,,
30/04/2017,0000,16.3,90.0,932.7,3.0,18.0,10.0,5.10,22.3,,,
30/04/2017,1200,18.2,77.0,933.3,3.3,18.0,8.0,,,15.2,0.0,
30/04/2017,1800,21.0,67.0,930.7,3.3,14.0,10.0,,,,,
01/05/2017,0000,17.3,86.0,932.5,2.5,14.0,9.0,7.70,23.8,,,
01/05/2017,1200,18.8,75.0,934.0,5.0,23.0,6.0,,,15.0,0.0,
01/05/2017,1800,23.4,53.0,930.1,2.5,14.0,7.0,,,,,
02/05/2017,0000,17.5,84.0,931.2,2.1,14.0,10.0,4.50,23.4,,,
02/05/2017,1200,17.0,87.0,925.7,3.6,14.0,10.0,,,16.1,0.0,
02/05/2017,1800,23.0,64.0,928.8,1.6,14.0,7.0,,,,,
03/05/2017,0000,18.5,86.0,929.9,1.3,18.0,0.0,7.10,24.8,,,
03/05/2017,1200,16.4,91.0,927.8,2.0,36.0,10.0,,,15.1,0.0,
03/05/2017,1800,24.8,53.0,928.2,2.0,14.0,7.0,,,,,
04/05/2017,0000,18.8,87.0,929.0,1.6,14.0,0.0,5.30,25.8,,,
04/05/2017,1200,17.8,86.0,929.5,1.6,23.0,8.0,,,14.8,0.0,
04/05/2017,1800,24.8,59.0,926.0,2.1,18.0,10.0,,,,,
05/05/2017,0000,21.3,79.0,927.0,0.8,18.0,10.0,0.60,21.8,,,
05/05/2017,1200,17.6,93.0,928.0,0.0,0.0,10.0,,,15.2,22.0,
05/05/2017,1800,19.2,86.0,926.0,1.6,14.0,10.0,,,,,
06/05/2017,0000,16.0,93.0,927.6,1.6,14.0,10.0,4.10,23.3,,,
06/05/2017,1200,17.3,88.0,928.5,1.6,18.0,10.0,,,14.7,13.2,
06/05/2017,1800,22.2,67.0,926.0,3.3,14.0,8.0,,,,,
07/05/2017,0000,18.5,88.0,928.0,2.3,27.0,10.0,4.50,21.8,,,
07/05/2017,1200,18.0,92.0,928.3,2.3,18.0,10.0,,,16.5,1.0,
07/05/2017,1800,21.5,68.0,925.1,4.1,23.0,10.0,,,,,
08/05/2017,0000,18.0,84.0,927.1,3.0,14.0,10.0,6.90,24.5,,,
08/05/2017,1200,16.5,90.0,926.1,2.3,14.0,10.0,,,14.4,0.0,
08/05/2017,1800,23.2,64.0,923.6,0.7,14.0,6.0,,,,,
09/05/2017,0000,19.1,85.0,924.5,2.5,23.0,10.0,8.90,25.5,,,
09/05/2017,1200,17.5,83.0,925.9,1.6,27.0,8.0,,,14.6,0.0,
09/05/2017,1800,25.5,44.0,924.1,2.3,32.0,3.0,,,,,
10/05/2017,0000,20.8,65.0,926.6,1.1,27.0,3.0,2.60,23.4,,,
10/05/2017,1200,19.4,66.0,928.9,1.6,14.0,6.0,,,17.2,0.0,
10/05/2017,1800,22.2,67.0,926.9,3.0,27.0,10.0,,,,,
11/05/2017,0000,18.8,82.0,928.1,2.5,18.0,10.0,4.10,21.6,,,
11/05/2017,1200,16.9,85.0,930.1,1.6,9.0,10.0,,,16.1,1.0,
11/05/2017,1800,21.1,60.0,928.4,3.0,18.0,8.0,,,,,
12/05/2017,0000,16.7,81.0,929.4,3.1,5.0,8.0,8.90,24.2,,,
12/05/2017,1200,16.1,77.0,929.9,4.1,23.0,8.0,,,13.6,0.0,
12/05/2017,1800,23.9,58.0,926.9,2.1,5.0,7.0,,,,,
13/05/2017,0000,17.6,86.0,927.5,1.6,14.0,0.0,8.60,27.2,,,
13/05/2017,1200,16.6,87.0,927.1,1.6,5.0,0.0,,,13.8,0.0,
13/05/2017,1800,27.0,46.0,923.5,5.0,32.0,6.0,,,,,
14/05/2017,0000,22.2,65.0,923.8,3.0,36.0,0.0,5.60,25.0,,,
14/05/2017,1200,20.0,77.0,922.2,2.0,32.0,10.0,,,16.1,0.0,
14/05/2017,1800,24.2,59.0,920.3,4.3,27.0,8.0,,,,,
15/05/2017,0000,21.5,79.0,921.8,2.5,27.0,6.0,7.90,23.8,,,
15/05/2017,1200,18.2,78.0,928.5,2.0,18.0,8.0,,,15.5,0.0,
15/05/2017,1800,23.2,53.0,924.7,1.6,14.0,6.0,,,,,
16/05/2017,0000,17.3,82.0,925.6,3.3,23.0,10.0,5.70,22.4,,,
16/05/2017,1200,17.5,76.0,927.8,2.8,9.0,8.0,,,15.0,0.0,
16/05/2017,1800,22.2,57.0,925.0,3.0,14.0,8.0,,,,,
17/05/2017,0000,16.8,80.0,928.2,3.3,9.0,9.0,0.60,20.8,,,
17/05/2017,1200,16.2,82.0,928.8,2.0,5.0,10.0,,,14.9,0.0,
17/05/2017,1800,20.0,68.0,925.6,2.3,14.0,10.0,,,,,
18/05/2017,0000,17.5,83.0,926.9,4.1,14.0,10.0,0.00,19.1,,,
18/05/2017,1200,17.5,81.0,927.7,4.1,5.0,10.0,,,15.7,0.0,
18/05/2017,1800,18.9,80.0,924.9,3.3,23.0,10.0,,,,,
19/05/2017,0000,16.6,96.0,925.6,3.3,9.0,10.0,0.00,17.4,,,
19/05/2017,1200,16.0,96.0,922.5,2.0,14.0,10.0,,,15.1,28.3,
19/05/2017,1800,17.3,98.0,920.6,0.7,36.0,10.0,,,,,
20/05/2017,0000,17.0,95.0,923.2,1.6,36.0,10.0,3.30,22.3,,,
20/05/2017,1200,18.0,90.0,925.3,0.0,0.0,10.0,,,15.5,31.3,
20/05/2017,1800,21.8,78.0,923.8,1.6,14.0,10.0,,,,,
21/05/2017,0000,19.2,84.0,926.0,2.5,14.0,10.0,0.00,19.5,,,
21/05/2017,1200,17.7,97.0,927.5,3.0,14.0,10.0,,,17.4,0.6,
21/05/2017,1800,19.4,94.0,924.6,0.7,14.0,10.0,,,,,
22/05/2017,0000,18.2,96.0,926.7,0.8,14.0,10.0,0.10,19.5,,,
22/05/2017,1200,18.2,97.0,928.2,2.3,23.0,10.0,,,17.0,56.0,
22/05/2017,1800,19.4,83.0,927.1,2.6,14.0,10.0,,,,,
23/05/2017,0000,17.2,91.0,927.6,3.6,14.0,7.0,7.80,22.0,,,
23/05/2017,1200,16.3,79.0,930.9,3.3,9.0,8.0,,,13.4,0.0,
23/05/2017,1800,21.6,59.0,928.2,2.0,18.0,4.0,,,,,
24/05/2017,0000,16.9,88.0,928.1,2.5,18.0,10.0,2.00,22.0,,,
24/05/2017,1200,16.5,90.0,930.8,2.0,14.0,10.0,,,14.9,0.0,
24/05/2017,1800,21.0,74.0,928.9,2.3,14.0,10.0,,,,,
25/05/2017,0000,19.2,93.0,927.9,0.0,0.0,0.0,6.50,27.0,,,
25/05/2017,1200,16.4,96.0,930.6,3.0,18.0,10.0,,,15.7,0.0,
25/05/2017,1800,26.8,54.0,927.0,3.3,27.0,4.0,,,,,
26/05/2017,0000,21.8,83.0,929.2,1.1,9.0,0.0,8.10,28.2,,,
26/05/2017,1200,18.9,88.0,929.3,1.3,9.0,2.0,,,16.1,0.0,
26/05/2017,1800,28.1,55.0,927.3,0.8,32.0,3.0,,,,,
27/05/2017,0000,23.1,84.0,928.5,0.5,14.0,0.0,1.80,24.2,,,
27/05/2017,1200,19.3,94.0,931.2,2.3,18.0,10.0,,,18.3,0.0,
27/05/2017,1800,24.0,65.0,929.0,3.0,18.0,10.0,,,,,
28/05/2017,0000,19.9,83.0,930.2,2.5,18.0,10.0,0.00,21.8,,,
28/05/2017,1200,19.6,87.0,931.4,1.6,14.0,10.0,,,18.3,0.0,
28/05/2017,1800,21.0,81.0,929.4,1.6,18.0,10.0,,,,,
29/05/2017,0000,18.5,92.0,930.0,1.3,36.0,0.0,6.70,25.2,,,
29/05/2017,1200,16.5,90.0,930.7,0.7,18.0,10.0,,,14.9,0.0,
29/05/2017,1800,25.2,53.0,926.4,3.3,14.0,7.0,,,,,
30/05/2017,0000,21.0,77.0,928.6,1.3,5.0,0.0,0.00,21.1,,,
30/05/2017,1200,19.0,91.0,930.0,2.0,18.0,10.0,,,16.1,0.0,
30/05/2017,1800,20.0,84.0,928.6,3.0,18.0,10.0,,,,,
31/05/2017,0000,18.0,88.0,929.0,1.6,18.0,10.0,7.00,25.0,,,
31/05/2017,1200,18.8,83.0,927.2,1.6,9.0,8.0,,,16.9,0.0,
31/05/2017,1800,24.6,46.0,923.8,3.3,36.0,7.0,,,,,
01/06/2017,0000,20.4,69.0,927.9,1.6,14.0,4.0,2.00,20.7,,,
01/06/2017,1200,20.5,66.0,924.9,4.1,18.0,10.0,,,17.3,0.0,
01/06/2017,1800,17.0,93.0,924.6,4.6,14.0,10.0,,,,,
02/06/2017,0000,17.6,81.0,927.8,3.3,14.0,10.0,8.60,21.2,,,
02/06/2017,1200,14.7,72.0,929.5,2.3,36.0,1.0,,,12.0,0.0,
02/06/2017,1800,21.0,47.0,928.2,2.0,36.0,2.0,,,,,
03/06/2017,0000,15.3,83.0,930.3,2.5,9.0,10.0,8.50,24.0,,,
03/06/2017,1200,15.9,76.0,928.0,4.6,36.0,4.0,,,12.9,0.0,
03/06/2017,1800,22.6,60.0,927.3,1.3,5.0,4.0,,,,,
04/06/2017,0000,17.0,89.0,928.9,1.6,36.0,2.0,7.70,28.2,,,
04/06/2017,1200,16.2,87.0,929.2,1.6,36.0,9.0,,,13.6,0.0,
04/06/2017,1800,28.1,49.0,924.1,2.0,32.0,2.0,,,,,
05/06/2017,0000,22.2,77.0,926.2,1.6,36.0,0.0,0.00,22.4,,,
05/06/2017,1200,19.4,85.0,928.0,1.6,14.0,10.0,,,17.8,0.0,
05/06/2017,1800,19.2,89.0,926.1,1.6,14.0,10.0,,,,,
06/06/2017,0000,18.0,96.0,927.9,1.1,14.0,10.0,0.00,22.8,,,
06/06/2017,1200,18.6,96.0,928.2,2.5,36.0,10.0,,,17.7,58.8,
06/06/2017,1800,22.3,78.0,925.4,2.3,36.0,10.0,,,,,
07/06/2017,0000,19.3,96.0,926.4,1.3,36.0,4.0,5.50,27.2,,,
07/06/2017,1200,19.5,84.0,927.2,2.3,18.0,10.0,,,17.3,25.3,
07/06/2017,1800,26.8,80.0,923.7,2.3,5.0,4.0,,,,,
08/06/2017,0000,22.4,87.0,924.5,1.1,5.0,0.0,3.20,27.4,,,
08/06/2017,1200,22.1,57.0,924.9,1.6,5.0,10.0,,,17.8,0.0,
08/06/2017,1800,27.2,47.0,921.6,4.1,32.0,9.0,,,,,
09/06/2017,0000,23.0,63.0,923.6,3.3,36.0,6.0,0.70,23.2,,,
09/06/2017,1200,19.8,70.0,924.7,3.3,5.0,10.0,,,15.2,0.0,
09/06/2017,1800,21.2,66.0,923.5,5.8,32.0,10.0,,,,,
10/06/2017,0000,15.5,69.0,926.9,5.3,32.0,10.0,8.40,19.6,,,
10/06/2017,1200,13.3,69.0,928.3,1.1,18.0,3.0,,,10.9,0.0,
10/06/2017,1800,19.2,48.0,926.4,3.5,18.0,0.0,,,,,
11/06/2017,0000,14.2,68.0,928.2,1.1,18.0,0.0,8.50,21.8,,,
11/06/2017,1200,11.6,73.0,927.8,1.1,18.0,0.0,,,8.9,0.0,
11/06/2017,1800,20.4,56.0,926.7,0.0,0.0,0.0,,,,,
12/06/2017,0000,15.6,77.0,928.0,2.0,5.0,0.0,2.70,21.5,,,
12/06/2017,1200,14.0,81.0,928.7,1.6,5.0,10.0,,,11.5,0.0,
12/06/2017,1800,21.2,58.0,927.0,2.0,5.0,10.0,,,,,
13/06/2017,0000,17.5,74.0,928.4,1.1,14.0,3.0,0.00,17.9,,,
13/06/2017,1200,14.8,94.0,930.2,1.6,5.0,10.0,,,13.6,4.6,
13/06/2017,1800,17.4,95.0,928.5,2.0,27.0,10.0,,,,,
14/06/2017,0000,15.4,96.0,930.5,0.7,27.0,10.0,1.20,20.4,,,
14/06/2017,1200,15.4,94.0,932.4,0.0,0.0,10.0,,,14.3,13.2,
14/06/2017,1800,20.2,70.0,932.1,3.3,14.0,6.0,,,,,
15/06/2017,0000,15.5,89.0,932.7,2.0,14.0,10.0,4.00,21.0,,,
15/06/2017,1200,16.3,85.0,934.3,3.0,14.0,10.0,,,14.6,0.0,
15/06/2017,1800,20.8,68.0,930.8,2.5,18.0,8.0,,,,,
16/06/2017,0000,17.0,88.0,932.2,1.6,23.0,10.0,7.00,23.3,,,
16/06/2017,1200,15.6,85.0,932.1,3.0,32.0,8.0,,,14.0,0.0,
16/06/2017,1800,22.4,61.0,928.5,1.6,36.0,8.0,,,,,
17/06/2017,0000,17.9,82.0,928.8,1.0,36.0,4.0,6.70,24.8,,,
17/06/2017,1200,16.1,85.0,929.6,1.6,9.0,8.0,,,12.9,0.0,
17/06/2017,1800,24.5,48.0,926.2,3.3,32.0,5.0,,,,,
18/06/2017,0000,18.8,70.0,927.1,1.6,14.0,0.0,6.90,24.6,,,
18/06/2017,1200,18.0,78.0,929.4,0.7,5.0,8.0,,,13.8,0.0,
18/06/2017,1800,23.4,45.0,926.7,4.6,32.0,8.0,,,,,
19/06/2017,0000,20.1,68.0,927.6,1.6,32.0,4.0,5.90,24.8,,,
19/06/2017,1200,19.2,68.0,927.9,0.0,0.0,0.0,,,15.3,0.0,
19/06/2017,1800,22.5,65.0,927.2,3.6,14.0,7.0,,,,,
20/06/2017,0000,17.4,85.0,929.5,3.3,14.0,10.0,0.00,17.6,,,
20/06/2017,1200,15.6,88.0,932.6,3.5,14.0,10.0,,,14.0,0.0,
20/06/2017,1800,16.0,88.0,931.4,2.8,14.0,10.0,,,,,
21/06/2017,0000,14.5,93.0,933.5,2.1,18.0,10.0,1.90,19.8,,,
21/06/2017,1200,15.0,97.0,934.7,3.3,18.0,10.0,,,14.0,1.0,
21/06/2017,1800,19.8,72.0,933.0,3.5,14.0,10.0,,,,,
22/06/2017,0000,16.6,88.0,934.3,3.6,14.0,10.0,8.20,22.4,,,
22/06/2017,1200,16.8,81.0,934.2,3.3,9.0,8.0,,,14.5,0.0,
22/06/2017,1800,22.2,57.0,930.6,5.0,23.0,5.0,,,,,
23/06/2017,0000,18.0,80.0,931.9,2.1,14.0,0.0,7.70,22.8,,,
23/06/2017,1200,16.2,85.0,934.9,3.6,5.0,10.0,,,14.1,0.0,
23/06/2017,1800,22.8,51.0,931.9,2.6,5.0,3.0,,,,,
24/06/2017,0000,16.6,88.0,933.2,1.6,14.0,2.0,8.50,21.9,,,
24/06/2017,1200,17.2,82.0,935.3,3.6,14.0,0.0,,,14.5,0.0,
24/06/2017,1800,21.9,59.0,932.8,3.0,18.0,4.0,,,,,
25/06/2017,0000,17.2,90.0,934.0,2.1,14.0,10.0,8.40,21.7,,,
25/06/2017,1200,17.5,73.0,935.4,1.6,18.0,4.0,,,14.9,0.0,
25/06/2017,1800,21.3,48.0,932.4,3.6,14.0,1.0,,,,,
26/06/2017,0000,16.1,84.0,934.3,3.3,18.0,10.0,8.30,22.3,,,
26/06/2017,1200,15.2,81.0,935.0,3.3,14.0,4.0,,,12.7,0.0,
26/06/2017,1800,22.0,53.0,931.2,1.6,18.0,3.0,,,,,
27/06/2017,0000,17.0,86.0,934.1,1.6,14.0,6.0,7.10,23.5,,,
27/06/2017,1200,14.4,93.0,933.3,0.8,32.0,10.0,,,13.5,0.0,
27/06/2017,1800,23.4,46.0,931.4,1.6,32.0,2.0,,,,,
28/06/2017,0000,17.4,56.0,932.6,2.1,9.0,0.0,7.90,25.0,,,
28/06/2017,1200,17.4,79.0,933.6,1.6,14.0,2.0,,,13.0,0.0,
28/06/2017,1800,24.4,55.0,931.0,1.3,14.0,7.0,,,,,
29/06/2017,0000,20.0,72.0,932.0,0.8,18.0,10.0,8.30,25.2,,,
29/06/2017,1200,18.2,82.0,932.4,2.3,14.0,3.0,,,14.4,0.0,
29/06/2017,1800,24.6,39.0,929.5,1.1,27.0,5.0,,,,,
30/06/2017,0000,19.4,68.0,930.8,0.8,9.0,0.0,7.10,24.8,,,
30/06/2017,1200,17.5,73.0,932.1,1.3,5.0,10.0,,,13.9,0.0,
30/06/2017,1800,23.6,49.0,929.1,3.6,36.0,6.0,,,,,
01/07/2017,0000,21.0,58.0,930.9,1.6,32.0,8.0,0.20,21.3,,,
01/07/2017,1200,17.4,85.0,933.3,1.3,14.0,10.0,,,14.7,0.0,
01/07/2017,1800,17.8,81.0,932.1,3.3,18.0,10.0,,,,,
02/07/2017,0000,15.0,91.0,934.0,1.6,18.0,10.0,0.20,16.7,,,
02/07/2017,1200,13.7,80.0,937.0,3.0,14.0,10.0,,,12.2,0.0,
02/07/2017,1800,15.3,68.0,936.2,3.3,18.0,10.0,,,,,
03/07/2017,0000,12.8,81.0,938.4,5.5,14.0,10.0,3.80,16.0,,,
03/07/2017,1200,12.6,76.0,939.3,2.5,14.0,8.0,,,10.5,0.0,
03/07/2017,1800,15.4,61.0,937.1,4.1,23.0,10.0,,,,,
04/07/2017,0000,12.2,71.0,937.6,4.1,9.0,0.0,8.00,17.5,,,
04/07/2017,1200,11.8,75.0,938.6,3.3,9.0,7.0,,,9.3,0.8,
04/07/2017,1800,17.2,49.0,935.3,4.1,14.0,9.0,,,,,
05/07/2017,0000,13.4,81.0,936.8,1.4,14.0,0.0,8.40,19.4,,,
05/07/2017,1200,12.2,79.0,938.8,3.0,14.0,2.0,,,8.6,0.0,
05/07/2017,1800,19.0,47.0,935.4,1.6,14.0,1.0,,,,,
06/07/2017,0000,14.5,82.0,936.1,2.0,18.0,8.0,7.70,20.4,,,
06/07/2017,1200,13.2,84.0,938.2,3.3,18.0,10.0,,,10.8,0.0,
06/07/2017,1800,20.4,49.0,935.0,2.3,18.0,7.0,,,,,
07/07/2017,0000,15.1,76.0,937.0,2.5,14.0,7.0,4.50,20.7,,,
07/07/2017,1200,15.1,80.0,937.0,3.6,9.0,10.0,,,12.2,0.0,
07/07/2017,1800,19.8,53.0,934.1,4.1,18.0,8.0,,,,,
08/07/2017,0000,15.8,85.0,935.0,3.0,14.0,10.0,6.10,21.1,,,
08/07/2017,1200,15.5,79.0,936.0,4.0,9.0,7.0,,,13.0,0.0,
08/07/2017,1800,21.1,53.0,932.9,1.3,5.0,7.0,,,,,
09/07/2017,0000,17.0,76.0,934.2,2.0,18.0,10.0,8.10,22.8,,,
09/07/2017,1200,16.0,79.0,935.9,4.5,9.0,6.0,,,13.1,0.0,
09/07/2017,1800,22.4,52.0,932.9,2.3,32.0,7.0,,,,,
10/07/2017,0000,17.2,75.0,933.3,2.5,9.0,8.0,5.10,23.8,,,
10/07/2017,1200,13.5,93.0,935.3,2.3,14.0,10.0,,,12.7,0.0,
10/07/2017,1800,22.4,58.0,932.0,0.0,0.0,8.0,,,,,
11/07/2017,0000,18.3,68.0,933.1,1.6,14.0,5.0,8.30,25.1,,,
11/07/2017,1200,17.1,73.0,934.1,1.0,18.0,0.0,,,12.6,0.0,
11/07/2017,1800,24.8,72.0,931.3,1.3,18.0,0.0,,,,,
12/07/2017,0000,19.0,68.0,932.8,1.6,18.0,0.0,8.20,23.2,,,
12/07/2017,1200,16.4,74.0,933.4,2.0,23.0,0.0,,,12.7,0.0,
12/07/2017,1800,22.6,56.0,933.1,3.0,14.0,0.0,,,,,
13/07/2017,0000,16.2,84.0,933.4,2.0,14.0,10.0,6.20,22.2,,,
13/07/2017,1200,15.5,82.0,934.9,4.0,23.0,10.0,,,14.2,0.0,
13/07/2017,1800,22.2,54.0,931.8,2.5,14.0,3.0,,,,,
14/07/2017,0000,16.0,88.0,933.3,2.1,18.0,10.0,7.40,24.0,,,
14/07/2017,1200,14.5,90.0,934.0,3.3,14.0,10.0,,,12.9,0.0,
14/07/2017,1800,23.9,47.0,926.4,3.0,5.0,0.0,,,,,
15/07/2017,0000,18.9,70.0,931.5,1.8,36.0,0.0,8.50,24.8,,,
15/07/2017,1200,15.5,81.0,931.8,0.0,0.0,4.0,,,12.5,0.0,
15/07/2017,1800,24.8,39.0,928.7,5.0,32.0,4.0,,,,,
16/07/2017,0000,19.5,64.0,929.4,1.6,14.0,0.0,7.30,24.4,,,
16/07/2017,1200,19.0,63.0,931.0,2.0,14.0,3.0,,,15.1,0.0,
16/07/2017,1800,24.0,36.0,928.7,4.1,5.0,7.0,,,,,
17/07/2017,0000,20.3,58.0,928.6,2.0,5.0,10.0,8.40,26.1,,,
17/07/2017,1200,19.2,56.0,931.7,1.3,36.0,0.0,,,14.2,0.0,
17/07/2017,1800,26.1,35.0,928.2,2.3,14.0,4.0,,,,,
18/07/2017,0000,17.5,86.0,930.4,2.5,23.0,10.0,0.00,18.0,,,
18/07/2017,1200,11.4,80.0,933.5,3.6,18.0,10.0,,,7.9,0.0,
18/07/2017,1800,10.2,78.0,932.0,3.0,18.0,10.0,,,,,
19/07/2017,0000,8.6,96.0,934.3,4.1,18.0,10.0,0.00,13.9,,,
19/07/2017,1200,10.2,92.0,934.9,3.3,14.0,10.0,,,7.9,0.0,
19/07/2017,1800,13.5,77.0,931.8,3.3,9.0,10.0,,,,,
20/07/2017,0000,12.8,87.0,933.1,3.3,23.0,10.0,6.80,22.9,,,
20/07/2017,1200,14.1,82.0,933.0,2.8,23.0,10.0,,,10.0,0.0,
20/07/2017,1800,22.5,55.0,928.8,1.1,18.0,8.0,,,,,
21/07/2017,0000,15.0,91.0,931.2,1.1,18.0,10.0,8.40,24.9,,,
21/07/2017,1200,16.6,78.0,931.9,0.8,18.0,2.0,,,12.2,0.0,
21/07/2017,1800,24.2,45.0,928.7,3.3,27.0,7.0,,,,,
22/07/2017,0000,20.6,58.0,930.2,2.1,36.0,0.0,7.00,23.0,,,
22/07/2017,1200,15.0,76.0,933.3,1.6,14.0,6.0,,,13.5,0.0,
22/07/2017,1800,22.4,43.0,930.1,2.1,18.0,2.0,,,,,
23/07/2017,0000,15.5,84.0,931.0,2.5,14.0,10.0,8.50,25.9,,,
23/07/2017,1200,16.8,77.0,934.6,5.8,23.0,4.0,,,14.2,0.0,
23/07/2017,1800,24.5,43.0,931.2,1.6,14.0,2.0,,,,,
24/07/2017,0000,19.4,68.0,933.6,2.0,14.0,0.0,8.50,24.8,,,
24/07/2017,1200,16.6,72.0,936.7,1.6,9.0,0.0,,,12.5,0.0,
24/07/2017,1800,24.6,37.0,934.0,1.6,27.0,0.0,,,,,
25/07/2017,0000,19.5,61.0,935.2,1.6,27.0,0.0,8.40,25.6,,,
25/07/2017,1200,18.8,61.0,936.0,0.8,5.0,2.0,,,12.9,0.0,
25/07/2017,1800,25.4,41.0,933.1,1.6,23.0,2.0,,,,,
26/07/2017,0000,19.0,66.0,934.1,1.3,14.0,0.0,8.80,24.7,,,
26/07/2017,1200,17.8,69.0,935.1,1.6,9.0,0.0,,,13.4,0.0,
26/07/2017,1800,24.2,38.0,932.4,1.1,18.0,0.0,,,,,
27/07/2017,0000,18.5,74.0,933.0,2.5,14.0,0.0,8.80,24.5,,,
27/07/2017,1200,18.0,64.0,934.5,3.0,9.0,0.0,,,13.3,0.0,
27/07/2017,1800,23.5,42.0,932.9,3.0,14.0,0.0,,,,,
28/07/2017,0000,16.3,86.0,933.3,2.0,23.0,4.0,7.20,21.7,,,
28/07/2017,1200,13.5,83.0,936.1,5.5,14.0,10.0,,,12.7,0.0,
28/07/2017,1800,21.3,47.0,933.1,2.3,9.0,0.0,,,,,
29/07/2017,0000,16.6,80.0,935.7,2.5,9.0,0.0,8.90,23.2,,,
29/07/2017,1200,17.0,68.0,937.5,6.1,5.0,0.0,,,12.6,0.0,
29/07/2017,1800,23.2,47.0,935.1,2.0,18.0,2.0,,,,,
30/07/2017,0000,17.6,82.0,935.6,1.6,14.0,4.0,7.20,24.0,,,
30/07/2017,1200,15.5,86.0,937.3,2.1,9.0,9.0,,,14.3,0.0,
30/07/2017,1800,22.6,45.0,934.0,1.8,9.0,6.0,,,,,
31/07/2017,0000,18.0,75.0,934.8,1.1,9.0,0.0,5.60,22.5,,,
31/07/2017,1200,16.8,67.0,933.8,1.6,14.0,6.0,,,12.8,0.0,
31/07/2017,1800,21.1,46.0,930.8,0.8,36.0,7.0,,,,,
01/08/2017,0000,18.0,58.0,931.0,2.5,14.0,2.0,4.90,21.6,,,
01/08/2017,1200,15.9,66.0,931.1,1.6,18.0,4.0,,,12.0,0.0,
01/08/2017,1800,21.0,45.0,928.1,3.6,23.0,10.0,,,,,
02/08/2017,0000,18.4,57.0,928.2,1.6,36.0,9.0,5.10,25.2,,,
02/08/2017,1200,15.6,76.0,926.0,1.6,14.0,10.0,,,15.0,0.0,
02/08/2017,1800,25.2,27.0,926.0,3.3,23.0,4.0,,,,,
03/08/2017,0000,21.3,46.0,927.2,2.1,32.0,7.0,4.80,21.7,,,
03/08/2017,1200,21.3,38.0,924.0,4.0,36.0,8.0,,,15.2,0.0,
03/08/2017,1800,20.7,64.0,923.3,5.0,32.0,8.0,,,,,
04/08/2017,0000,18.3,64.0,927.0,2.5,27.0,9.0,0.70,18.3,,,
04/08/2017,1200,15.8,67.0,931.5,5.0,27.0,10.0,,,13.0,0.3,
04/08/2017,1800,14.8,81.0,931.1,3.3,23.0,10.0,,,,,
05/08/2017,0000,13.4,90.0,933.0,3.6,14.0,10.0,4.20,17.4,,,
05/08/2017,1200,14.0,80.0,933.2,5.0,18.0,10.0,,,12.5,2.4,
05/08/2017,1800,17.4,62.0,931.1,4.0,18.0,10.0,,,,,
06/08/2017,0000,13.3,69.0,932.7,3.6,14.0,2.0,8.50,19.5,,,
06/08/2017,1200,13.5,73.0,931.8,5.0,14.0,5.0,,,11.2,0.0,
06/08/2017,1800,19.4,47.0,930.7,4.1,14.0,2.0,,,,,
07/08/2017,0000,13.5,82.0,930.4,3.3,14.0,4.0,8.30,25.5,,,
07/08/2017,1200,12.3,82.0,931.0,3.3,23.0,8.0,,,10.3,0.0,
07/08/2017,1800,24.4,49.0,931.4,0.0,0.0,2.0,,,,,
08/08/2017,0000,20.0,64.0,926.1,1.6,5.0,0.0,8.40,27.7,,,
08/08/2017,1200,18.4,66.0,928.4,2.5,5.0,8.0,,,11.4,0.0,
08/08/2017,1800,27.6,33.0,925.9,4.1,36.0,9.0,,,,,
09/08/2017,0000,23.0,49.0,926.6,1.6,36.0,6.0,9.50,29.3,,,
09/08/2017,1200,22.8,43.0,925.7,5.0,5.0,0.0,,,17.5,0.0,
09/08/2017,1800,29.2,32.0,924.0,4.1,32.0,2.0,,,,,
10/08/2017,0000,24.0,55.0,934.9,1.8,23.0,0.0,0.00,24.0,,,
10/08/2017,1200,16.2,86.0,929.3,3.0,14.0,10.0,,,14.9,0.0,
10/08/2017,1800,17.6,80.0,928.2,3.3,9.0,10.0,,,,,
11/08/2017,0000,15.6,81.0,930.4,5.0,14.0,10.0,9.20,23.0,,,
11/08/2017,1200,16.2,65.0,930.6,5.0,14.0,0.0,,,12.5,0.0,
11/08/2017,1800,22.3,54.0,927.4,4.1,18.0,0.0,,,,,
12/08/2017,0000,16.0,84.0,928.7,4.1,18.0,10.0,6.10,24.5,,,
12/08/2017,1200,15.2,82.0,928.9,4.3,5.0,10.0,,,14.0,0.0,
12/08/2017,1800,24.4,53.0,927.9,2.6,14.0,10.0,,,,,
13/08/2017,0000,20.0,67.0,927.1,4.1,14.0,0.0,7.80,30.1,,,
13/08/2017,1200,16.4,85.0,927.4,4.1,5.0,10.0,,,13.8,0.0,
13/08/2017,1800,29.9,32.0,922.9,2.0,36.0,7.0,,,,,
14/08/2017,0000,23.2,65.0,924.2,1.3,9.0,10.0,1.60,25.2,,,
14/08/2017,1200,22.2,61.0,927.5,1.6,14.0,10.0,,,15.7,0.0,
14/08/2017,1800,22.8,61.0,926.6,4.3,23.0,10.0,,,,,
15/08/2017,0000,16.0,83.0,928.2,2.5,14.0,10.0,0.00,16.5,,,
15/08/2017,1200,14.8,94.0,930.4,4.1,18.0,10.0,,,14.1,0.0,
15/08/2017,1800,14.7,92.0,928.1,1.6,18.0,10.0,,,,,
16/08/2017,0000,15.1,87.0,928.1,3.0,36.0,10.0,0.00,16.8,,,
16/08/2017,1200,15.7,97.0,928.4,1.6,23.0,10.0,,,13.9,5.1,
16/08/2017,1800,16.2,95.0,927.2,0.0,0.0,10.0,,,,,
17/08/2017,0000,16.0,93.0,928.2,1.6,14.0,10.0,0.00,16.7,,,
17/08/2017,1200,15.6,91.0,928.6,2.0,18.0,10.0,,,14.5,4.7,
17/08/2017,1800,16.5,93.0,928.1,1.6,18.0,10.0,,,,,
18/08/2017,0000,15.0,94.0,928.9,2.6,23.0,10.0,0.00,17.2,,,
18/08/2017,1200,15.0,98.0,928.4,1.3,18.0,10.0,,,14.0,14.1,
18/08/2017,1800,17.2,93.0,926.6,0.8,18.0,10.0,,,,,
19/08/2017,0000,17.0,93.0,927.3,2.5,18.0,10.0,0.00,18.0,,,
19/08/2017,1200,16.6,95.0,927.1,1.6,36.0,10.0,,,14.6,1.4,
19/08/2017,1800,18.0,93.0,925.0,1.6,18.0,10.0,,,,,
20/08/2017,0000,16.7,94.0,925.2,2.8,5.0,3.0,0.00,20.2,,,
20/08/2017,1200,18.0,91.0,933.9,2.5,14.0,10.0,,,14.7,4.6,
20/08/2017,1800,15.2,96.0,926.0,2.5,14.0,10.0,,,,,
21/08/2017,0000,15.8,97.0,927.0,0.8,18.0,10.0,0.90,16.2,,,
21/08/2017,1200,12.2,90.0,934.2,5.0,18.0,10.0,,,11.1,27.8,
21/08/2017,1800,12.8,86.0,934.8,4.5,14.0,10.0,,,,,
22/08/2017,0000,11.3,94.0,936.3,5.0,14.0,10.0,0.80,17.7,,,
22/08/2017,1200,13.2,82.0,935.4,5.0,18.0,10.0,,,11.0,0.1,
22/08/2017,1800,17.1,73.0,931.6,2.6,18.0,10.0,,,,,
23/08/2017,0000,14.8,74.0,932.9,4.6,5.0,10.0,5.60,22.2,,,
23/08/2017,1200,13.9,87.0,933.3,5.0,5.0,10.0,,,12.6,0.0,
23/08/2017,1800,21.2,63.0,930.9,2.5,14.0,3.0,,,,,
24/08/2017,0000,17.8,86.0,930.7,2.5,14.0,0.0,9.00,23.0,,,
24/08/2017,1200,15.5,78.0,933.4,3.3,9.0,10.0,,,13.4,0.0,
24/08/2017,1800,22.7,41.0,929.1,3.3,14.0,1.0,,,,,
25/08/2017,0000,16.2,85.0,930.4,2.5,14.0,10.0,8.70,25.7,,,
25/08/2017,1200,15.2,81.0,931.5,4.5,14.0,7.0,,,13.2,0.0,
25/08/2017,1800,25.0,39.0,928.8,1.6,14.0,0.0,,,,,
26/08/2017,0000,17.0,86.0,929.7,1.6,18.0,0.0,10.20,27.2,,,
26/08/2017,1200,17.3,73.0,930.1,2.5,14.0,0.0,,,12.9,0.0,
26/08/2017,1800,26.4,35.0,927.0,2.5,14.0,0.0,,,,,
27/08/2017,0000,21.0,58.0,928.1,2.5,9.0,0.0,10.30,28.0,,,
27/08/2017,1200,19.9,58.0,928.5,1.6,9.0,0.0,,,18.8,0.0,
27/08/2017,1800,26.7,35.0,925.9,2.0,27.0,0.0,,,,,
28/08/2017,0000,19.2,63.0,928.1,1.6,9.0,0.0,10.40,27.0,,,
28/08/2017,1200,19.0,61.0,929.2,1.3,9.0,0.0,,,14.2,0.0,
28/08/2017,1800,26.6,38.0,931.6,2.1,23.0,0.0,,,,,
29/08/2017,0000,16.5,83.0,928.2,2.5,14.0,0.0,7.20,28.4,,,
29/08/2017,1200,14.8,87.0,929.3,3.3,9.0,10.0,,,12.4,0.0,
29/08/2017,1800,27.1,41.0,925.9,0.8,5.0,0.0,,,,,
30/08/2017,0000,21.8,67.0,927.2,0.0,0.0,0.0,9.90,31.2,,,
30/08/2017,1200,21.3,62.0,928.2,0.8,14.0,0.0,,,14.5,0.0,
30/08/2017,1800,30.8,26.0,925.2,2.5,27.0,4.0,,,,,
31/08/2017,0000,25.2,44.0,926.6,2.1,18.0,0.0,0.00,25.2,,,
31/08/2017,1200,17.1,81.0,933.0,3.3,14.0,10.0,,,15.3,0.0,
31/08/2017,1800,17.5,78.0,932.0,3.3,18.0,10.0,,,,,
01/09/2017,0000,16.0,84.0,933.6,3.3,14.0,10.0,5.40,23.5,,,
01/09/2017,1200,17.2,80.0,935.7,4.6,14.0,10.0,,,14.8,0.0,
01/09/2017,1800,22.6,66.0,932.9,4.3,14.0,10.0,,,,,
02/09/2017,0000,15.7,85.0,934.9,3.3,14.0,10.0,10.20,25.3,,,
02/09/2017,1200,17.2,67.0,935.8,4.0,9.0,7.0,,,14.6,0.0,
02/09/2017,1800,25.3,40.0,932.8,2.0,14.0,0.0,,,,,
03/09/2017,0000,16.2,83.0,934.4,1.6,9.0,10.0,10.50,26.8,,,
03/09/2017,1200,16.4,71.0,934.7,3.0,36.0,0.0,,,12.6,0.0,
03/09/2017,1800,25.8,33.0,930.7,2.6,14.0,0.0,,,,,
04/09/2017,0000,19.4,66.0,931.6,1.6,14.0,0.0,10.80,28.7,,,
04/09/2017,1200,18.0,63.0,932.3,2.1,9.0,1.0,,,13.3,0.0,
04/09/2017,1800,28.3,25.0,928.4,2.5,23.0,0.0,,,,,
05/09/2017,0000,24.0,39.0,930.3,2.0,14.0,0.0,10.50,28.7,,,
05/09/2017,1200,20.4,56.0,931.0,0.8,18.0,0.0,,,14.8,0.0,
05/09/2017,1800,28.7,29.0,928.3,2.5,27.0,0.0,,,,,
06/09/2017,0000,22.6,50.0,929.6,1.0,36.0,0.0,10.10,27.2,,,
06/09/2017,1200,18.8,72.0,931.5,1.6,18.0,0.0,,,14.7,0.0,
06/09/2017,1800,26.5,42.0,928.8,3.3,14.0,2.0,,,,,
07/09/2017,0000,18.8,79.0,930.4,2.5,14.0,0.0,10.40,28.3,,,
07/09/2017,1200,19.0,68.0,931.9,3.3,14.0,2.0,,,13.9,0.0,
07/09/2017,1800,28.2,29.0,928.0,2.5,18.0,0.0,,,,,
08/09/2017,0000,21.8,34.0,928.7,1.6,5.0,0.0,10.10,29.9,,,
08/09/2017,1200,20.5,62.0,928.6,2.3,23.0,0.0,,,15.4,0.0,
08/09/2017,1800,29.4,26.0,925.8,0.0,0.0,2.0,,,,,
09/09/2017,0000,23.3,34.0,927.4,2.0,18.0,0.0,9.10,30.2,,,
09/09/2017,1200,21.5,50.0,929.3,1.6,5.0,10.0,,,14.7,0.0,
09/09/2017,1800,29.1,28.0,926.5,1.6,5.0,10.0,,,,,
10/09/2017,0000,23.8,47.0,927.7,0.0,0.0,0.0,10.40,30.4,,,
10/09/2017,1200,23.7,49.0,928.5,1.6,36.0,0.0,,,17.1,0.0,
10/09/2017,1800,30.3,26.0,925.3,2.3,14.0,0.0,,,,,
11/09/2017,0000,23.4,45.0,927.5,2.0,9.0,0.0,9.80,31.9,,,
11/09/2017,1200,23.2,51.0,929.6,2.5,9.0,2.0,,,18.3,0.0,
11/09/2017,1800,31.2,28.0,926.8,1.6,9.0,4.0,,,,,
12/09/2017,0000,26.2,34.0,927.8,2.1,14.0,4.0,10.60,31.1,,,
12/09/2017,1200,23.6,55.0,930.9,0.8,18.0,0.0,,,18.9,0.0,
12/09/2017,1800,30.7,28.0,927.8,3.3,18.0,0.0,,,,,
13/09/2017,0000,20.0,75.0,930.6,2.1,18.0,0.0,10.60,31.8,,,
13/09/2017,1200,21.8,66.0,931.0,1.3,5.0,0.0,,,16.3,0.0,
13/09/2017,1800,31.3,31.0,927.3,1.6,18.0,0.0,,,,,
14/09/2017,0000,24.6,47.0,928.6,2.1,18.0,0.0,10.80,32.7,,,
14/09/2017,1200,25.6,41.0,929.4,3.3,32.0,0.0,,,18.7,0.0,
14/09/2017,1800,32.2,23.0,926.9,3.3,27.0,0.0,,,,,
15/09/2017,0000,26.8,39.0,929.0,0.8,27.0,0.0,10.50,33.4,,,
15/09/2017,1200,26.0,37.0,932.3,1.6,14.0,0.0,,,19.6,0.0,
15/09/2017,1800,32.1,19.0,927.8,0.7,18.0,0.0,,,,,
16/09/2017,0000,22.7,64.0,930.4,2.1,14.0,0.0,9.90,32.2,,,
16/09/2017,1200,19.0,75.0,931.6,2.1,14.0,0.0,,,17.0,0.0,
16/09/2017,1800,31.1,25.0,926.9,1.6,36.0,0.0,,,,,
17/09/2017,0000,21.5,77.0,929.3,2.1,14.0,0.0,10.00,32.2,,,
17/09/2017,1200,22.0,63.0,929.4,1.3,9.0,0.0,,,17.6,0.0,
17/09/2017,1800,31.2,30.0,926.7,1.6,18.0,7.0,,,,,
18/09/2017,0000,19.5,84.0,927.3,2.0,18.0,10.0,8.10,30.2,,,
18/09/2017,1200,21.0,69.0,931.5,1.6,9.0,8.0,,,18.0,0.0,
18/09/2017,1800,29.1,44.0,928.0,2.5,14.0,8.0,,,,,
19/09/2017,0000,19.3,86.0,930.6,2.1,23.0,10.0,8.20,28.1,,,
19/09/2017,1200,18.0,84.0,932.3,1.6,32.0,9.0,,,16.4,0.0,
19/09/2017,1800,27.0,54.0,928.8,3.3,18.0,2.0,,,,,
20/09/2017,0000,18.7,79.0,931.1,1.6,18.0,0.0,10.30,27.2,,,
20/09/2017,1200,19.7,71.0,932.3,3.0,18.0,0.0,,,15.2,0.0,
20/09/2017,1800,26.4,53.0,929.2,3.3,14.0,0.0,,,,,
21/09/2017,0000,18.4,84.0,930.9,2.5,18.0,2.0,9.50,29.7,,,
21/09/2017,1200,21.0,71.0,931.9,1.0,27.0,0.0,,,15.8,0.0,
21/09/2017,1800,29.5,29.0,928.7,2.6,18.0,6.0,,,,,
22/09/2017,0000,23.5,51.0,929.0,1.3,18.0,0.0,7.10,30.0,,,
22/09/2017,1200,24.8,44.0,930.2,1.5,36.0,2.0,,,17.4,0.0,
22/09/2017,1800,28.6,26.0,926.7,3.0,9.0,8.0,,,,,
23/09/2017,0000,24.0,39.0,928.0,1.6,5.0,2.0,10.00,30.7,,,
23/09/2017,1200,25.1,40.0,929.6,1.6,5.0,0.0,,,18.3,0.0,
23/09/2017,1800,29.5,36.0,926.8,4.6,14.0,7.0,,,,,
24/09/2017,0000,20.4,73.0,930.1,3.3,14.0,10.0,5.70,24.5,,,
24/09/2017,1200,19.6,78.0,930.8,3.3,14.0,10.0,,,18.0,0.0,
24/09/2017,1800,24.2,55.0,929.0,4.1,23.0,10.0,,,,,
25/09/2017,0000,18.8,77.0,930.3,4.1,23.0,7.0,6.60,26.5,,,
25/09/2017,1200,18.8,73.0,932.0,4.1,5.0,10.0,,,16.2,0.0,
25/09/2017,1800,25.2,54.0,928.3,5.0,18.0,10.0,,,,,
26/09/2017,0000,18.0,79.0,929.4,3.0,14.0,1.0,8.50,27.4,,,
26/09/2017,1200,19.5,67.0,928.9,3.0,14.0,0.0,,,14.7,0.0,
26/09/2017,1800,22.5,72.0,925.8,4.1,14.0,9.0,,,,,
27/09/2017,0000,18.2,80.0,927.2,1.6,14.0,10.0,10.40,30.6,,,
27/09/2017,1200,21.5,64.0,926.5,1.6,9.0,0.0,,,16.1,0.0,
27/09/2017,1800,30.5,31.0,923.8,3.0,32.0,6.0,,,,,
28/09/2017,0000,24.8,51.0,925.0,0.0,0.0,0.0,8.10,27.0,,,
28/09/2017,1200,24.0,60.0,928.3,2.0,18.0,0.0,,,17.0,0.0,
28/09/2017,1800,24.0,64.0,926.6,5.0,14.0,8.0,,,,,
29/09/2017,0000,17.6,93.0,930.3,4.5,14.0,10.0,0.00,23.2,,,
29/09/2017,1200,18.2,82.0,929.9,2.1,14.0,10.0,,,16.3,1.0,
29/09/2017,1800,19.8,78.0,926.0,4.1,14.0,10.0,,,,,
30/09/2017,0000,17.5,92.0,925.1,3.0,14.0,10.0,1.20,22.2,,,
30/09/2017,1200,19.6,81.0,921.6,4.1,32.0,10.0,,,16.4,10.1,
30/09/2017,1800,20.8,75.0,928.7,3.3,32.0,10.0,,,,,
