,route,ewt_mean,ewt_perc_25,ewt_perc_50,ewt_perc_75,rbt_geral,rbt_perc_25,rbt_perc_50,rbt_perc_75
0,1018-10-0,1.0052262898184388,0.999810098341004,0.9953884574675296,0.9896971361113975,0.21296828766051243,0.2414589194423818,0.271237704681888,0.3591824912325592
1,1026-10-0,0.8671052874944308,0.8613225514575705,0.8589294819747193,0.8573744148864642,0.2161989811140879,0.2613283825792544,0.3503448640188513,0.47441785256979196
2,106A-10-0,0.9538160311898249,0.9300888906808855,0.9320290279122861,0.9505285153293062,0.1057313269993985,0.04138823035517182,0.08395242797813102,0.10754588824294437
3,107T-10-0,0.9427287645503173,1.113200231019493,1.1431649861397495,1.1636891780441065,0.271465451074028,0.30523769500050896,0.46960414666907846,1.010445391297557
4,1177-10-0,0.6957792154305267,0.719672862802776,0.7452189191105777,0.7694806781092669,0.2635085076129065,0.3435073238994886,0.4923238218505559,0.5861248406377416
5,1178-10-0,1.0362487320920308,1.170093684346563,1.1578681202503407,1.1415537177053765,0.18220241503988394,0.252413108081582,0.35252614854422776,0.5122689820272278
6,148L-10-0,0.9378685699495494,1.2427567831316773,1.3003148187154623,1.353859514974006,0.25428532415469907,0.301190269464091,0.37119872349752603,0.5617408303392801
7,1709-10-0,0.8774639977485459,0.8853864518512012,0.8785908407904651,0.8932082898733718,0.33251892470409056,0.3933625093819738,0.50986548804499,0.6373023228142758
8,1720-10-0,1.0180826321164063,0.9972611367370249,1.0460155836328868,1.0907370935015774,0.22808791878227425,0.2644462870246566,0.32054467095766376,0.3675924487651094
9,172K-10-0,0.7468559238183486,0.8055715218086211,1.0009839811409207,1.0490175166050315,0.2510730956811419,0.27572899010230906,0.35817554903712007,0.4356850557527107
10,172R-10-0,0.8043095084994186,0.8461173873290515,0.8516531000463285,0.8972395633034157,0.15951746074492645,0.21028331971350517,0.2554988281954983,0.35460829827799345
11,172U-10-0,0.823892183501689,0.8745380734067217,0.9076782132301069,0.9974415043388164,0.1843664313103188,0.20950039007770638,0.27004500002916626,0.4132513945734607
12,172X-10-0,0.787952776882918,0.7898028949262708,0.7998342271915587,0.8164023929159717,0.3141091237234559,0.387778933766732,0.5098979945799116,0.5189060737512681
13,1732-10-0,1.2281318035288113,1.222774269233949,1.2075457558325096,1.2580479490502319,0.270432082050524,0.3296010849033494,0.37338715509292136,0.6756559486510458
14,1741-10-0,1.220275573417079,1.2190197035851982,1.2210332285433552,1.2175810321120388,0.256393112826821,0.2999772687335941,0.3474182678053987,0.447859207959252
15,1745-10-0,0.7262537372261634,0.8851513656381554,0.9063912482001404,0.9116271380677512,0.29954752725173217,0.3357753634499812,0.32061626979509483,0.3702976468545387
16,1756-10-0,0.799806165010433,0.8013170889291212,0.8140137609854303,0.8303692961931505,0.28077730259490746,0.3128782060683553,0.381889709449139,0.512485271139502
17,1758-10-0,0.9177491859200527,0.9243239791108078,0.9322331811989871,0.9253359384767158,0.2874007203404398,0.3275572309027829,0.32710375751613835,0.35985434748796086
18,1759-10-0,1.2067764895311124,1.2048632974719908,1.2130801049471915,1.2578103490561259,0.2746807915095374,0.2515452384971595,0.2883465380643883,0.3418873270631178
19,175P-10-0,0.8098740486056248,0.9686212313822372,1.0066622996752392,1.2397238739891558,0.3444712456143793,0.398282694155058,0.5084579233840496,0.8499832196901475
20,175T-10-0,0.8281009028792754,0.915967034205449,0.9600359031374268,1.0208300755089146,0.2954368612639792,0.49886657219373837,0.6056898156682966,0.6890708277363623
21,1767-10-0,0.8186659025800849,0.8211381387434044,0.8337723201821243,0.8543060938947018,0.31847169335540604,0.37938703244202326,0.48501177182890143,0.903700695443554
22,1772-10-0,1.2824509956016943,1.344728138057731,1.3111861713849011,1.3143168260198648,0.4792066700057826,0.5262681540028966,0.8678555975925104,0.7962932927211697
23,177H-10-0,0.696211930906639,0.7564765545604264,0.7837910165698985,0.8263968969431821,0.31599678231567596,0.38828992997304357,0.5604924517073432,1.1471778920313669
24,177Y-10-0,0.9239018903703439,0.9312259587463402,0.9396169268535559,0.9419417401476464,0.29381545066008374,0.3662207819800975,0.41828308954747306,0.4837202776363393
25,1780-10-0,1.5380600835973108,1.5262457939336058,1.5229187143274423,1.540337960961244,0.3677560970822928,0.419573628299392,0.45999687069092765,0.4596524561670176
26,1787-10-0,0.6769153749848139,0.6853603615139883,0.7018810187012309,0.8267697719317604,0.2330638740832228,0.26308413232160144,0.2816535440352381,0.4340692314189331
27,1788-10-0,0.9141454533568177,0.9177618672863233,0.9400744831803177,0.9566314680272219,0.27897015032424666,0.3166476421124513,0.3175833727870251,0.43332150187825613
28,178L-10-0,0.7998404726088338,0.8413730918140587,0.8934857297089609,0.9545922911933827,0.28814788993284574,0.31684698379946663,0.2577744987446778,0.3699325568647941
29,178Y-10-0,0.8526842874556122,0.833716129269198,0.8506769252390227,0.8589609781848069,0.3115359158362221,0.35505616215447244,0.49299422430262024,0.4771872487008173
30,179X-10-0,0.8363344640627552,0.8810093057193256,0.903311464164022,0.94333850225787,0.23304977545900343,0.25927663015158303,0.280694112811233,0.35036757564432436
31,2007-10-0,0.9514588790315044,0.9449688576338524,0.9394506894366033,0.9319975978943774,0.1604548396967379,0.18902755643525015,0.24114089381668638,0.3251732355116944
32,2008-10-0,0.8071013269455962,0.8124045561818373,0.8261467794452207,0.8317523193668055,0.38288876487864937,0.4377933787239107,0.5555888868422119,0.7154562007324263
34,2011-10-0,1.0136908573706915,1.0173152235143799,1.0231953159033176,1.053700223402333,0.2508743770189084,0.2874364462212298,0.369954581566926,0.44329886185709616
35,2016-10-0,0.9043749939234409,0.8991336820469508,0.8960420030109527,0.9110246369876471,0.2190735718316962,0.24185779784248668,0.27637947781200173,0.4063335644598896
36,2019-10-0,0.7895719964274326,0.782673481643437,0.8529571712576429,0.8603241298119426,0.1788810941515366,0.2139841678798059,0.3005866205540928,0.4016845368275229
37,2020-10-0,0.8642907552366497,0.8531958387563379,0.8770999188731606,0.8848591897882692,0.29566691068639206,0.36209103960906275,0.4371083022406557,0.5010683367252988
38,2021-10-0,0.8260191474527366,0.8303985791461898,0.8277768759101711,0.8352041597929578,0.6784350488733213,0.7129946228840515,0.6526286995730356,1.0842587687891523
39,2025-10-0,0.7929386292413969,0.8150718238592557,0.8546079126236167,0.8811503899002051,0.36083881120221284,0.3454555351371223,0.4597424172907109,0.3287702331981583
40,2026-10-0,0.6390230774883758,0.6423957895482386,0.6452845839398713,0.6474336667147973,0.19368960750032016,0.19429487035425638,0.235105081279249,0.2937385074629707
42,2031-10-0,1.3035950692232794,1.3003478051149737,1.2523835755847705,1.2497708614207144,0.15554046182225595,0.19011471266071495,0.2507028719749479,0.3357343241692573
43,2059-10-0,0.8182141909769391,0.8818490835686049,0.9276658510289725,0.9616380238377952,0.3082644818808044,0.3031500735064275,0.35099128933864343,0.513318983895146
44,2088-10-0,0.9617109209999228,0.9733577583307131,0.9912195454390857,1.007093906946261,0.17849504150727816,0.23241142165196838,0.2907687187974101,0.4067747567989201
45,208V-10-0,0.8677597989314126,0.8849474679671296,0.8974206762399348,0.9106512448560778,0.191211504726794,0.2238561924209444,0.28057905206164846,0.3949718440396016
46,2100-10-0,1.2417745085052867,1.4012437461763978,1.4822460219000977,1.9321888444088753,0.25304045284422483,0.31356506957132385,0.37294066839228057,0.5166758926781801
47,2127-10-0,0.7986654838824884,0.8262633897535148,0.8453892987567239,0.8825150802891464,0.2401090424818333,0.28476594306623165,0.37319706631224153,0.3540714229236123
48,2182-10-0,1.0006858109210095,0.9819287358693088,0.9928999771720068,1.0071852204141678,0.26941132834846054,0.31698477914804624,0.4303649920886838,0.694285342543863
49,2203-10-0,0.8307190663459506,0.8307308996989582,0.859434224692451,0.9247547766236677,0.1832082938601678,0.20316410405618332,0.28186755236372363,0.38986571147513227
50,2363-10-0,0.7272182560066357,0.751615015208575,0.7619874060435758,0.7751344517069436,0.19277125927112654,0.22407355601314224,0.2568545822570309,0.35385232779777454
51,2435-10-0,0.7135030073916446,0.7144032696132031,0.7293256612853404,0.7270410450105629,0.15896758582954415,0.18402736159683353,0.22517038729307695,0.3053671978645729
52,2451-10-0,0.6593789016991903,0.6708966010037349,0.6789636814008608,0.6940712287565469,0.18432196028043546,0.21716381290542786,0.28778059598023475,0.4789557765051574
53,2460-10-0,0.8026301470331205,0.8021442838128797,0.8028552858291802,0.8012375136882453,0.2695406858960826,0.2878912368126988,0.3682114316415616,0.6979183035091232
54,2523-10-0,0.8168951755566176,0.8184727235713718,0.8166418734334397,0.8196053594268248,0.23340704512358829,0.20228225217943074,0.2707100420150735,0.34895898412230286
55,253F-10-0,0.7995027450643638,0.7936714264499801,0.7934013234073792,0.808981816175562,0.1111782768052285,0.14115828168974623,0.15285167677487826,0.19909723292287712
56,2582-10-0,0.9276984705696337,1.06487067149554,1.0805512712440948,1.1322851916979224,0.1645921730236109,0.2051667514465123,0.25167815286984674,0.27483365637825596
57,2583-10-0,0.9577045005955499,0.9527617681411295,0.9573355824536988,0.9533088562527098,0.16520833320270406,0.18294757161892758,0.2023013682740098,0.2678961415820555
58,2590-10-0,0.7736387233104408,0.814182703804551,0.8272871523530587,0.8475737778836876,0.1990865332187779,0.23256226100813235,0.2650545307534686,0.32792222830293943
59,2708-10-0,0.8086909786792735,0.8230127722482978,0.8441394606315556,0.8631738302817656,0.22637735368581904,0.2552018032833574,0.218889867669037,0.28477847788706917
60,2711-10-0,0.7839079071611619,0.7894959420042622,0.796606797590626,0.8095451808370946,0.2380727723862245,0.29618172372945323,0.34856821666513116,0.5731024279500969
61,2715-10-0,1.088231605012328,1.0766115138788597,1.0765528471552728,1.0735605466569773,0.13203481673415413,0.16747970400031717,0.21021657370006788,0.2789220611523487
62,2718-10-0,0.7891458127935186,0.8025400104310995,0.8013174284224477,0.8368877286154789,0.2847499457667104,0.3412236393096791,0.36289976317743855,0.612647294648208
63,2719-10-0,0.8738296733709165,0.8866667779206973,0.8835254464251301,0.9209336411248165,0.21916987565257845,0.2926889904837806,0.429259304450856,0.6429013361760993
64,271A-10-0,1.0182077172262978,1.014998652919141,1.0146122132260773,1.017252198960546,0.24375288036360715,0.22274761363184373,0.2623335805342503,0.2872756781480946
65,271P-10-0,1.0120669810903178,1.02020388112722,1.0917851780904286,1.081582663499544,0.2201441828650912,0.2456154427703356,0.2791668944423061,0.41289549668333525
66,2726-10-0,0.9346585882698862,0.9123380407464937,0.9292059841839925,0.9416100377193962,0.2925461068833176,0.23345733555868875,0.2704265875268979,0.314482368352189
67,2731-10-0,1.0334725542250722,1.0383891778196972,1.043236839617043,1.065204958030515,0.21275700501924244,0.26677671393957686,0.2944813609601866,0.3189705272290952
68,273J-10-0,0.9763679885352193,0.9800915175189928,0.9888950141999364,1.0271666448044992,0.2037126646382546,0.23493547938189607,0.24242393783698862,0.2602920603463913
69,273V-10-0,0.7665629061583518,0.7713635403938854,0.7660912100678878,0.7640924722633889,0.15104383904321916,0.16423468750066145,0.1924037038322878,0.27761204312543775
70,2762-10-0,0.8982517465156435,0.9222984323787824,0.9313520110359818,0.9459143280706599,0.19799968710788682,0.2306705054454447,0.2760238593845378,0.2552100569335016
71,2765-10-0,1.0678949248331593,1.0707549747406742,1.0860210907740617,1.1031183109195841,0.18371682069310577,0.2093594873053099,0.2344167259665982,0.2545578633970834
72,2766-10-0,0.759325814528064,0.819536752600043,0.8208271967282823,0.8431428689727014,0.20533720778553288,0.24960753875391414,0.2860038825173861,0.3003897825131099
73,2769-10-0,0.7109500050257396,0.7144651190836206,0.7326564263699127,0.7441893476171025,0.16450465238928377,0.18959643173105828,0.19940168958228188,0.3678514685399103
74,3006-10-0,0.8885452921598568,0.8726446684281063,0.8567720442436901,0.8604589985841297,0.4098569961078101,0.6171308457351232,0.6092879578116733,0.7419174756224544
75,3021-10-0,0.8511249827839293,0.8482122303791668,0.8416255219703693,0.8508727950921882,0.248170977653771,0.2670477547893354,0.3064456538355448,0.4189000360697549
76,3024-10-0,0.8187331416505176,0.8231321029950408,0.8209007961296546,0.8167331242920387,0.26337598759155706,0.308676438621323,0.3339812506049186,0.4328907398240614
77,3027-10-0,0.6551684966287574,0.6932018092807922,0.707200665248046,0.7463876029007556,0.1762833499772586,0.22010056721628207,0.23546860885043555,0.30685717254422534
78,3029-10-0,0.9118590112438739,0.9165621158233971,0.9094511984671253,0.908156143354507,0.20548841507707838,0.22513025831842284,0.28116600667920916,0.3476022558462396
79,3069-10-0,0.7689626410407434,0.7842232103107322,0.7805613467051581,0.7824972356400586,0.20844905465172697,0.2897071207755381,0.3632608607135091,0.6096623896071786
80,3099-10-0,0.6521812729817462,0.7097439179447647,0.7340742534134449,0.7525355762680965,0.2755521758707802,0.32972571649655147,0.3524936349720988,0.4525935573132866
81,3141-10-0,0.938607655262695,0.9505640770428869,0.9671906966962508,1.1031491149830899,0.23653029732608172,0.2738026742332358,0.24325044406152307,0.29849518618137433
82,314V-10-0,1.1931823775250867,1.1598610178043465,1.1529960299990383,1.1372495393214994,0.17198123321438702,0.18842486308159162,0.19538829671794122,0.3267202246096096
83,3160-10-0,0.763903284333318,0.8224152331636507,0.8640095720645713,1.3758950327959942,0.3305540950063789,0.4331557334619006,0.5898518554784423,1.0458299198796108
84,342C-10-0,0.6950462115750391,0.705275084926164,0.7217231602640107,0.7324147266712303,0.13203535398737073,0.15676418307552767,0.18016157434067878,0.24606476140075154
85,352A-10-0,0.7836190374725565,0.9422506327462805,0.963288997264927,0.9787607917862416,0.2316315245070832,0.25123869790523745,0.2662390542499972,0.33805560757787056
86,354M-10-0,1.0338194008024475,1.0229859378746982,1.0254379322352345,1.025004302185549,0.2383789221747492,0.26752864985547603,0.2236892428643833,0.3178412306782942
88,3686-10-0,0.9452716237004957,0.9885329654398498,1.0057711512338825,1.0140296693831083,0.18155140040848017,0.21971473107821676,0.2737717461598488,0.41445741334494574
89,3712-10-0,1.0056206923456055,0.9938992804197969,0.9658658644798049,0.962650704522765,0.1734126545308284,0.206641384199709,0.23546091859175594,0.3850890882970345
90,3721-10-0,0.7992389193665828,0.8144984798612115,0.8304883533486972,0.8390653295354978,0.14535569920918326,0.1716978760827247,0.24291287016753574,0.2030786215916636
91,3729-10-0,0.6714095934476839,0.7225825099756408,0.7572898502804843,0.7954751139560967,0.20727741040767225,0.24256572827071385,0.295126520641073,0.41581471400055015
92,372U-10-0,0.7705180507870649,0.8068220370199116,0.8371343917388598,0.9266368433772929,0.21930269772751979,0.2749192695532203,0.3656197596003542,0.45538321773240054
93,3731-10-0,0.7476759471455638,0.756747336808485,0.7572243267767126,0.7654417952414776,0.19611748248921773,0.24741436932346375,0.31271610015399104,0.46854238220350125
94,3734-10-0,0.6630326123261389,0.6813985293982321,0.7023261197850059,0.7251185339511,0.1948974384302966,0.23026143257456283,0.298448784984914,0.24668700348066916
95,3738-10-0,0.9808856034053772,0.9772816163310583,0.9917450130504274,0.9788242477242579,0.18913595593530627,0.24929528224868588,0.23207659099765254,0.2600147476597589
96,373T-10-0,0.7787750122628373,0.8304572609243246,0.8623354297593971,0.9091784104464616,0.21719475711467226,0.24426186440395367,0.2642986683571971,0.31374529587817623
97,3745-10-0,0.6400265606278898,0.6866265665411615,0.6997567763280769,0.7332674589497086,0.18856696599750467,0.2071644457939142,0.25260497814675403,0.3465059946414851
98,3746-10-0,0.9366802653817391,0.9650894215516193,0.9847255625891899,0.9760759078517438,0.20238575708007,0.20779436206006624,0.23332870248188028,0.33603005327240065
99,374M-10-0,0.8356577427488968,0.8378437770992946,0.849817777939346,0.8541694359052234,0.16926640253653866,0.19113863955361832,0.21255060925471123,0.2583525255771591
100,374V-10-0,0.8474763480688862,0.8688071604390676,0.8737685893455404,0.8871053117458111,0.1667412756400949,0.22214000626349734,0.23400479240042965,0.30078414382445234
101,3761-10-0,1.0375708981494365,1.0299211655116352,1.0110501752832182,1.1005578051242364,0.18812799518441986,0.2477105082718861,0.29601577386526556,0.4742329576893478
102,3778-10-0,0.6624324501232328,0.7009279649808291,0.7262709410915046,0.7588361637640879,0.17567709609993212,0.24817016173982312,0.2742174066262475,0.3978730322549214
103,3791-10-0,0.7178228776318984,0.7303028487638448,0.7519051034099352,0.7721708482718469,0.2088403320593618,0.2313466562134803,0.2938274711016412,0.4300654987906552
104,3795-10-0,0.8484805957012455,0.8579957490567938,0.8635745524560918,0.8784137162645812,0.2908907888727766,0.3841840518806994,0.40977041706041417,0.7702196952577204
105,3901-10-0,0.6823399749088608,0.6831222799730787,0.692558221082692,0.7007038331632197,0.1746238675438293,0.21213769381746367,0.22999029277553093,0.4155651333439049
106,4001-10-0,0.9542072192980953,0.946935621943552,0.9441679740645524,0.9917361978439427,0.2309783722674819,0.2913689624126693,0.3158800748241136,0.3900004136956222
107,4003-10-0,0.7144638104475812,0.7529102059281164,0.7539994304612612,0.766548953014331,0.21904141918387485,0.26554041422359875,0.2860889210606604,0.30629012436785685
108,4010-10-0,0.650568206402062,0.6563051264880109,0.7126564883402768,0.7237075464514504,0.2593348425652967,0.30725149103028204,0.370625294176768,0.5049973360512084
109,4011-10-0,0.7981860374947576,0.8092796639073724,0.8282351732416015,0.8324645350516778,0.24280568028079771,0.2760095838695372,0.3379502829190228,0.33838310314692766
110,4017-10-0,0.771916976148393,0.7843230381300936,0.8111519929587434,0.8270067426713043,0.23653134396867675,0.2778690224007009,0.40101848509088056,0.4787600927622867
111,4018-10-0,0.7841419762342987,0.8316693002247574,0.8877470121903267,0.9247853917398567,0.2228409212022296,0.2768060027681304,0.3226782475930639,0.36191863671746294
112,4024-10-0,0.6502432055950986,0.670604707928018,0.6896774472728534,0.703779704692683,0.20604816357430827,0.23119858181965136,0.2692143378472362,0.3622347602916111
113,407G-10-0,0.7565316883225716,0.850898889616223,0.925199523367475,0.9770664886705015,0.16634698161995226,0.19304358363956672,0.2557972831296257,0.43825505441220447
114,407J-10-0,0.8271234213391777,0.9062547327693394,0.961934812734682,0.9987034320121083,0.18000698591674122,0.22323515298868482,0.256075746235447,0.2870548884113287
115,407L-10-0,1.2026183554186314,1.2142793848091604,1.2278302246480277,1.2337879761791941,0.14432704228541185,0.16163148095981794,0.1624293467110508,0.19567809139785491
116,407W-10-0,0.6603421093557509,0.6758378952669455,0.6948716967809283,0.7022870658095058,0.22409036721047584,0.2542133089422215,0.29162275236405427,0.4184979211387246
117,408A-10-0,1.062858770457672,1.079132534733692,1.0761655985427911,1.070606689579861,0.08517766460406147,0.09286140173587794,0.11748185386408135,0.10298387245257648
118,4210-10-0,0.857308866491274,0.8938224772946718,0.9165799269571477,0.9437183018019855,0.2066372637975272,0.22211129687104098,0.26439415619490003,0.34226542700914037
119,4221-10-0,0.9426971540416691,0.9165808638371027,0.9036778308751672,0.8946228798783263,0.220072230042781,0.2602013283372614,0.3475566114513694,0.5684960285672833
120,4310-10-0,1.4176280969935586,1.439946034391919,1.4660168389688466,1.5910660143796882,0.3933484747143906,0.46002239494820457,0.4144473050811525,0.4338025415166521
121,4311-10-0,1.033515805002082,1.0367468594414289,1.0419891604112963,1.0397109863746294,0.27158789469145667,0.32681666712297075,0.42533548472748767,0.403624702273481
122,4314-10-0,1.073063811181868,1.0856317153434178,1.110527220881723,1.0981519165086207,0.22926765565227739,0.2766805497894737,0.3452491360797566,0.42617745900063186
123,4708-10-0,0.7611395915358881,0.7618083221709332,0.7750566294753682,0.7806244798042292,0.39234554697021046,0.3981116175899,0.5198359884873873,0.6510565544882063
124,4734-10-0,1.1885570393007394,1.1992275367809615,1.2177463043995347,1.1944106469280973,0.37262767093290355,0.40121727846473765,0.41680181296613783,0.5577364772008773
125,475R-10-0,0.8943963637664589,0.9215839111547691,0.9692350469344124,1.024818492358286,0.26340530110489163,0.24573682872491917,0.36074031641139637,0.5171517974378537
126,476A-10-0,0.8842297538665495,0.8880377960454988,0.895257683403208,0.8998049053685871,0.22570944617675762,0.2759158640926995,0.342065181408392,0.4234060547458095
127,478P-10-0,0.9247255125452725,0.9439250017305344,1.0759094810124143,1.474390227939653,0.19445358053368436,0.2207643396828915,0.2764572885060349,0.43618411927532535
128,5012-10-0,1.1446561171252956,1.1699120058554409,1.1868903577631595,1.1961291050255907,0.3747502664619949,0.48230126821862845,0.6851939327516591,1.744597472299023
129,5013-10-0,1.2162335885328537,1.2056597419641624,1.2560467578009036,1.2545335282812151,0.35925274435563354,0.3074421699696999,0.3433414761596029,0.5258931208238237
130,5015-10-0,0.8431621392404486,0.8590820597287011,0.8823062134066681,0.9023723644924398,0.22683702984075085,0.27442354093105986,0.31336266318544687,0.3908258244369544
131,5018-10-0,0.9162376033724238,0.9330598336673568,0.9668195991517993,0.9745975675898328,0.2260434146038382,0.2550440427989771,0.32761620439099337,0.49515924001720846
132,5021-10-0,0.9512469648740938,0.9524687892604433,0.9423791247424841,0.9371479751324016,0.21542688083871364,0.22861581734950814,0.26185240904097923,0.3819214098272566
133,5022-10-0,0.6819390195909881,0.7086976305453412,0.7372393666833787,0.755459345095595,0.2943420433235435,0.3201969179342822,0.4553804696258975,0.6228213337371744
134,5024-10-0,0.9433230048938421,0.965861976106182,0.971136862679603,0.9655083503719167,0.18189368568970546,0.23325279055346163,0.31441174118000426,0.560104627755983
135,5029-10-0,1.2876633062900775,1.8757740565111642,1.8809402015170236,2.350920382080119,0.3111617663814127,0.35589257151586956,0.40552029477508267,0.5161796912795119
136,502J-10-0,1.2171251626956576,1.2379930784976558,1.2123626870777875,1.1712115097064788,0.2078406728389257,0.2309635498802407,0.25326166834478514,0.30010412716786966
137,5030-10-0,0.6672932460521712,0.6856855384731648,0.717059238711449,0.7325621286030456,0.2901231255724466,0.402575526856573,0.5330314195654904,1.2628349856379866
138,5036-10-0,1.0256706803620879,1.0230839721228029,1.0475306501901196,1.072838597895164,0.21580561061532158,0.2406984979476377,0.32233535577823924,0.3328605731616568
139,507T-10-0,0.8920199389091807,0.9050799099160235,0.925890492299126,0.9465329719317508,0.1677795918756159,0.19016369555690565,0.23597001039966395,0.31927863370193765
140,509M-10-0,0.7984818472844422,0.8059931314176275,0.8157343881489595,0.8091019371980923,0.25678343663173187,0.26530351782762174,0.28495346653770914,0.3223202875259502
141,5105-10-0,1.0230959979415852,1.0290518654193797,1.0290518654193797,1.0311042003566306,0.2050723140840874,0.2659320797438328,0.2659320797438328,0.34613576198721285
142,5106-10-0,0.6637673645323233,0.7228629251288311,0.7350438775609119,0.7846524472915051,0.2034677327390461,0.2296427780546796,0.27737988680341846,0.527758970717541
143,5107-10-0,0.8900097917360708,0.8947612936833297,0.8842244580580454,0.8920325091555128,0.2746912434459607,0.335305240634997,0.4373457034114573,0.6199337448965643
144,5108-10-0,0.7988781443067381,0.8403553542643698,0.8893173213301072,0.9361260109260131,0.22504435929968575,0.193357629488694,0.2395318193870518,0.3578153861158977
145,5119-10-0,0.9080802119755115,0.9452390317010655,1.0163016144574253,0.9941479759152607,0.2515169915448578,0.3104242177441973,0.30504807786160903,0.4414437141480959
146,5123-10-0,1.715984746699412,1.9247629931450472,2.3803911594131226,1.108189505319971,0.20041613978334805,0.19849621275873605,0.21788106172770375,0.29632059355866486
147,5128-10-0,0.9331701606261152,0.9154956499428829,0.9251917117369362,0.9380886531876219,0.2548569470105077,0.32038981002581357,0.41025436597555154,0.5284855727727751
148,5141-10-0,0.7252389165982199,0.7499525196058582,0.7808701501241504,0.8025285393498427,0.2521699445519735,0.26348826379525425,0.31001385896862976,0.538199411297971
149,5142-10-0,0.7589787584218446,0.8061500396870516,0.8281075006666704,0.8579702255582534,0.21157038732503644,0.23794583971674252,0.2739242857950527,0.294713704893545
150,5143-10-0,0.7935077873220927,0.7996145506417768,0.823849975845207,0.9553821763846264,0.3544129370164539,0.4503571162013268,0.6108601309631352,0.7725355548160201
151,5144-10-0,0.6976649597965607,0.7440588390328964,0.7793618463663775,0.8019193614443028,0.20531578092453717,0.23891070942898668,0.2839549686794078,0.42167046846138545
152,5290-10-0,0.9453049433445943,0.9491710529637034,1.1136257854553302,1.466930863234413,0.20392860684367736,0.21603806922903024,0.24242386042361538,0.34291580224645046
153,5317-10-0,0.9518885524870461,0.945980130711963,0.947206049904229,0.9402786110388217,0.2337968239636845,0.2572476901738033,0.2691724214245783,0.38272959630418535
154,5370-10-0,0.8775090832382118,0.9689935388333308,1.0194067042374646,1.0652475489964364,0.23378922857698928,0.2977194245140201,0.30460223866982095,0.33248864930462646
155,5391-10-0,0.7441530286415946,0.8424702603339549,1.273723900145821,1.390209142744991,0.2887560383572412,0.32415328662884274,0.32610082053585193,0.33280958467104493
156,546J-10-0,0.8010628324481246,0.812834352273713,0.8274498789777823,0.8454740162733133,0.22977475908129358,0.289313766323621,0.32688153366654726,0.5397299618569048
157,5632-10-0,0.7059712358917044,0.7154785652427142,0.7218543725882397,0.7292981145404367,0.2184589655030969,0.24823599414729078,0.29453461036734335,0.39912671900247254
158,5701-10-0,1.3503795821848488,1.311805640895471,1.2792284843106614,1.3861646060167103,0.30070016162993685,0.38325683426719326,0.537250577504393,0.9048309367778452
159,574A-10-0,0.9137730127735608,0.8965039699557475,0.9752424438176641,1.1188938928535122,0.18834897936526446,0.1733449093342504,0.21050499370832204,0.2357828591582664
160,574C-10-0,0.6813774395201894,0.6995369410564919,0.7166451684970917,0.74143645735602,0.2010847591825146,0.2390831638510814,0.2319549398204092,0.26837620271624624
161,574R-10-0,0.6389419978584713,0.6792253654754008,0.7129368552198114,0.7514269950921192,0.20252159836035008,0.21962006394231107,0.21979863611530304,0.3074587732712128
162,5757-10-0,0.7766187422579844,0.7932138384141176,0.8170841767671744,0.8494209107777113,0.37248751991015594,0.4375124889671705,0.5377577450366856,0.6531641535346331
163,576M-10-0,1.1893548198069435,1.1494320811653305,1.1506107652849369,1.1412794370382415,0.267575849951541,0.2850004542945903,0.28400186705570857,0.3305943583516521
164,577T-10-0,0.8629573539512772,0.9068073741514772,0.9272042244409541,0.9569914299929984,0.18072006708284677,0.1857088381115475,0.1964868194452215,0.3442312492405176
165,6001-10-0,0.9041277876122551,0.9025719862139352,0.8964555688656741,0.9043289580281936,0.36407512523663504,0.3861032194520507,0.45674074471239223,0.7567947593997258
166,6003-10-0,1.238049709319703,1.2306438685193655,1.222244731513363,1.2209253887094988,0.3047925556209107,0.2625288360482426,0.304038280722073,0.28819148145251144
167,6013-10-0,0.9503232357020339,0.9540955180935743,0.9850376202262157,0.9875362139561045,0.4500978326812035,0.5613631999121009,0.7271374263117331,1.1604067233586635
168,6015-10-0,0.9791114393069408,0.977566464584086,0.985811685217297,0.9780703915669803,0.4036657066973793,0.5299155559446522,0.6506674676013534,0.9638755731367069
169,6022-10-0,0.8651916343091048,0.8542268167775876,0.8625427214112095,0.8606631937315081,0.48640194096305234,0.5980819686938024,0.7851073540562572,0.5480271151965355
170,6027-10-0,0.9662641206296496,0.9613927427736257,1.0911521888625577,1.0821554652847538,0.24184678210015717,0.31148377516169057,0.4863340670944658,0.798325243388936
171,6028-10-0,0.7180639925390325,0.7328497194862729,0.752310153494929,0.7570495343590385,0.5871549222205088,0.6933690088426497,0.8860988063431121,0.5623853873683817
172,6030-10-0,0.8405644194901496,0.8440266995571333,0.8639436466407089,0.8735186970244022,0.19249152560811153,0.22458606606071702,0.2611643391398065,0.32758356583903137
173,6031-10-0,1.2097723172761121,1.2031784759644641,1.208208043633664,1.2072723623971138,0.41385679780782364,0.35403679565011004,0.4535011491975174,0.6360181977413109
174,6034-10-0,0.7630772055805333,0.7602680708098146,0.7680131336004442,0.7790376185739205,0.2657946940962377,0.3238319393228071,0.4241297152878944,0.6259830408202618
175,6036-10-0,0.7202058037873529,0.7462320635846943,0.7915504473173596,0.8409497261451452,0.8728445504044617,1.041984498523563,1.5497726058538055,0.5033707082535818
176,6037-10-0,1.3214132082888672,1.2906598958990247,1.2991029666518743,1.2364358742453014,0.4496308645453657,0.5902042885769875,0.9150586184199795,0.33612262005586185
177,6041-10-0,0.7772605815373065,0.8203312684147716,0.8352977727303407,0.9136588895526557,0.9766526305131323,1.3212191016677184,1.9350765802942116,0.5824975181381885
178,6042-10-0,0.8056115728196921,0.8270868136600432,0.8385913983003098,0.8966687393880374,0.9357965540130813,1.1938004292307847,1.6843652955144914,1.2162748024594934
179,6043-10-0,1.104461036598106,1.1028760031727192,1.0977475218862602,1.113166319631221,0.5247089176437544,0.6035810009691696,0.769080620006176,0.6114804849767055
180,6046-10-0,1.1379803414512586,1.1100399678123756,1.1271176385261557,1.1799902422794657,0.9895635771133553,1.3852819816475026,1.9492421207960076,0.4818172417038331
181,6048-10-0,0.8007058141193261,0.8215684319632723,0.8412834715417883,0.8580497261541635,0.2530480234356949,0.3188487462701823,0.40817147448640967,0.46294794167041575
182,6052-10-0,1.0263686357010227,1.0354800638028587,1.0326807696900535,1.0180932752711191,0.17167956855589822,0.22034870150991334,0.28100789964432854,0.4088718142823777
183,6056-10-0,0.8803145534563831,0.8855731122461501,0.8758917136360369,0.8753922301008025,0.22672071651042347,0.2609466406776071,0.36801051618594655,0.41884053250726233
184,6058-10-0,0.8063083084136075,0.8011761601077507,0.7979148572058948,0.7983773097228339,0.204368137557449,0.22676668165751807,0.31452839193658383,0.47496889656619407
185,6063-10-0,0.9930692315077643,0.9891431899913773,0.9925909907712419,0.9922335694326521,0.22739005349809507,0.25522435594311843,0.32922656471253675,0.49261351099321143
186,6071-10-0,0.9573182109718872,0.9446551469911109,0.9401138555980438,0.9257274723390039,0.21390528863645084,0.25941140661317724,0.2275855761362319,0.2619524158831164
187,6074-10-0,1.0864010919281737,1.0787074170674427,1.0782995101046529,1.1045705404859205,0.20911826912523787,0.25853613718664603,0.36073811681605694,0.3767611892902912
188,6075-10-0,0.9085849996320844,0.9153922842131489,0.911392572882245,0.9084112719655715,0.39359634758010525,0.47800028106064185,0.688569191100952,0.8958605906935069
189,607G-10-0,0.6475760975060404,0.6575591406273307,0.6609471049991466,0.665442810602292,0.3276908170228301,0.33855465239102356,0.41610036194177324,0.6248032840824369
190,6092-10-0,0.920859280156725,0.909426670568897,0.9149365808495245,0.915170658596215,0.3002484067811564,0.35309100718145153,0.4522135472481065,0.5599196308219934
191,6093-10-0,1.1997442801756875,1.1770322458113005,1.1835241960704346,1.2132012042283595,0.19901829135338553,0.24083037164995444,0.2871701312988203,0.3768843958835319
192,609F-10-0,0.9072273363895678,0.9331880254794449,0.9654557845927634,1.1151064386696008,0.3871711079121828,0.4458213252174413,0.4288276574203292,0.36339390628985657
193,6200-10-0,1.5118801254278897,1.4696475500221162,1.471086630438841,1.6502974585574246,0.4715961597565446,0.6184444991620405,0.4688138227754813,0.7632840342468542
194,637G-10-0,0.8225996224233864,0.8743784973552552,0.8830833087214772,0.8915020969054085,0.20640630752876482,0.2612418086544112,0.2983548247243968,0.41544588176164476
195,6450-10-0,1.1042415487921962,1.1228699044996926,1.130581500048606,1.1921335959670638,0.2710278897167272,0.3230717419278076,0.42290810461551914,0.6256147424259901
196,675G-10-0,0.695390411745381,0.7327681290282582,0.7679145565046224,0.7871823843169082,0.22641867063193216,0.24118782848607,0.2872074517791147,0.2971949458503184
197,675I-10-0,0.8866079096814191,0.9323040267237236,0.9570801662532208,0.9691977451718774,0.2250970574000745,0.273327539568501,0.2886047158119988,0.27557982991087104
198,675R-10-0,0.8120255206473532,0.8419844918377668,0.826786319808147,0.8251204589799739,0.26073991520889706,0.3150308867399988,0.32156604206951256,0.32035359325299523
199,6803-10-0,0.7588087363458669,0.7738728184836566,0.7818644505455581,0.8011873175609099,0.41784040590137767,0.47433914212104833,0.5636141914754048,0.5242930262375239
200,6805-10-0,0.6449575218770865,0.6573060657965324,0.6613352865284859,0.674445764445589,0.7152581925648167,0.8892964299497128,1.041156923536415,1.1873410560197455
201,6820-10-0,0.7975925806113412,0.8157703702221106,0.8150898941448897,0.8181994302141575,0.2949446066559167,0.3341818835872606,0.393084412665371,0.4371002061317163
202,6823-10-0,0.9438068312258014,0.9385091090769461,0.9364001335208438,0.9352996309098272,0.2789215235576782,0.3592510733373479,0.4315906103204135,0.44525068224489983
203,6825-10-0,0.8917022506460672,0.8973035701707606,0.8965634440310619,0.8956147968891871,0.3405906432888307,0.38133756423442267,0.4076544182427016,0.47921652197089426
204,6835-10-0,0.7662389704669816,0.7629977112453827,0.7759583163232953,0.7747473534614284,0.31369725191655756,0.36008464448021016,0.39991377517640087,0.5137355916358052
205,6836-10-0,0.9965951154465117,0.9912226599065838,0.9948688868072091,0.999233677680374,0.4463725846570428,0.5961443298752633,0.7404921633718596,1.0079529656088613
206,6837-10-0,1.2424667919464696,1.2431442928631926,1.2862120727268525,1.325023800930073,0.24265648441520216,0.26353990319179676,0.3165970887533742,0.5233132240068098
207,6840-10-0,1.2487607383952293,1.2818069889380599,1.2841254359152767,1.3185175181030502,0.3292444643678393,0.29832633875195663,0.32573802568221943,0.44140649489438794
208,6913-10-0,1.0055301429808212,1.1721265024585994,1.2591128044189468,1.5855340600113064,0.1863315101937167,0.23304649752352677,0.2973222338914718,0.43977430696984776
209,695H-10-0,1.0993399139915234,1.1011047200221937,1.1102548341838032,1.1462814677095865,0.19790720189676145,0.23640015551646218,0.3321328858455628,0.4884822275554419
210,6960-10-0,0.7325726748704721,0.7853050800015354,0.8254062986815521,0.8404855750147435,0.23137283615201903,0.2797264422553344,0.41919152226408807,0.5918975286664726
211,7013-10-0,0.8052078961567383,0.8400117731674289,0.860425062228055,0.863420727845267,0.3103587769712951,0.40500848117123256,0.4598868496593389,0.6280646448214031
212,7016-10-0,0.7845954394535217,0.8045960913737623,0.804340515436458,0.8091979191294678,0.46305931806528094,0.6660856629009551,0.7478611165240442,0.432255288381202
213,701U-10-0,0.7938156636073546,0.8500268707150272,0.8716893865258788,0.8985457681095841,0.21703843536212042,0.2484766571272079,0.2550742995078997,0.24952571578596094
214,702C-10-0,0.9471946029358499,0.9598164891430174,0.9790785511762531,1.0043817545000697,0.2173345434283697,0.27000091198608245,0.3510470019911063,0.454358481414857
215,702U-10-0,0.9803344153766573,0.9930339211735907,1.0166746542759504,1.0384085421601381,0.3084265698006041,0.3390513192565967,0.3792235874083937,0.4023822391241308
216,7055-10-0,1.0363710418524665,1.0185816353665402,1.034806936332652,1.0324474489513473,0.11282935017218343,0.14235008023506285,0.18552412237062352,0.18549255334966447
217,7062-10-0,0.8471597931332757,0.8452987446831202,0.8464790132980072,0.8411330676385559,0.3487042231719377,0.3836062473387535,0.683401721421651,1.161570875881315
218,709G-10-0,0.652382725010736,0.7029426347420886,0.7216407052502956,0.7246873369994656,0.3308982417195725,0.4059197410590859,0.5706921419326612,1.0484842490752642
219,709P-10-0,1.936511500460603,1.8878164662044672,1.9551285066012112,2.021011608358895,0.3569697973871239,0.41439935622621815,0.3508229034800459,0.36527141234238397
220,719R-10-0,0.9984796051256801,1.0308283236377813,1.1459656871268207,1.232145448515838,0.20591609210497505,0.25163109992763877,0.30948684489091693,0.48901637688009353
221,736G-10-0,1.0949087724599689,1.1018222661736905,1.1004911288370054,1.1453830969066774,1.037330781225791,1.2055495605816602,1.565648791441734,0.4707778374862206
222,737A-10-0,0.8914362523155981,0.9260003333216437,0.9452804836267085,0.9754727774749663,0.38992000986631725,0.4473859196309509,0.43206157858899746,0.45021282281515973
223,7458-10-0,1.1437594271553253,1.1454439542151205,1.1213841139473653,1.166313500514455,0.25993682760076975,0.27225036321950935,0.26391311498470005,0.305913357641286
224,7545-10-0,0.8690660852969335,0.9014728864389252,0.9260855730764475,0.958697453980705,0.2978040889004823,0.34576057406841043,0.3892131460156292,0.5614325021582081
225,7600-10-0,0.6760416986923985,0.7267695339122993,0.7647765751610797,0.7597494029572608,0.5094766233548105,0.6287824291746342,0.8347136557607069,1.3338816183668178
226,775P-10-0,0.8972050821820604,0.88557503435492,0.8970737961664182,0.9323116823284048,0.246226728718633,0.28169272323064765,0.30835354694279354,0.45005177243540484
227,778J-10-0,0.799236374976237,0.8053966501971381,0.8124105956541128,0.8388446730755655,0.20603432648701508,0.2418382884505231,0.3102754389912953,0.3414620096677139
228,8002-10-0,0.9531049050531925,0.9573002325337482,0.9628481600128813,0.9751061586847275,0.34808254077466333,0.48835741765364044,0.6456697877076953,0.3724806219879948
229,8006-10-0,0.8767744814904377,0.8856627196754591,0.8968333055052492,0.9241748722049501,0.29050125104720737,0.3268938152393883,0.4185691423345119,0.36041585098131756
230,8043-10-0,0.6463117763766731,0.6494193704731062,0.6585916090726136,0.6527161762078452,0.4383478887855118,0.5391709485719406,0.7348523906657536,0.6640998358297578
231,807J-10-0,1.3891500530077265,1.4731224973260546,1.4726706391881554,1.4759200768005263,0.5311503144757045,0.5777117670861728,0.7732644059762841,1.5517120240788382
232,807M-10-0,1.316351456194751,1.3307674307444026,1.3185014821694332,1.3244874784845153,0.37642988186403376,0.4798362263806516,0.5196546975710474,0.8210349125302249
233,809P-10-0,0.9799270491451308,1.001327630796067,1.003437518637887,1.0280263525407027,0.435191752310674,0.3997496665084797,0.4720427196701418,0.5305286170903322
234,809T-10-0,0.8089206563644421,0.815937377817699,0.8186560676562469,0.8401659739610704,0.14766352456941906,0.15029710933171803,0.16487898381461544,0.24245762838719626
235,809U-10-0,0.6469900689184083,0.6631443440399643,0.6958490530353846,0.7162794900732559,0.3667525473187221,0.4301563913907575,0.6707019952265416,0.5267311405628948
236,8194-10-0,0.8156472975191733,0.8064349882706024,0.8191476557828692,0.8381754341308087,0.24001311491060418,0.28586223404212974,0.30496798959739085,0.350466004009115
237,8300-10-0,1.3648026993365356,1.3685245584768964,1.3512167811112135,1.3720901097998794,0.2687937403805507,0.3201101048931232,0.30318148308131987,0.383627360329778
238,847J-10-0,0.956255290202539,0.9771486184851732,0.9863857901796734,0.9774802362215963,0.23992930087762762,0.23420223588422218,0.24519939735656116,0.2857918187582608
239,8542-10-0,0.8859767590788622,0.9475637509271024,0.977210704351218,0.9745602799068629,0.1988403992241071,0.23022248725416114,0.26169868264476864,0.24459887237244274
240,8544-10-0,0.739319737967133,0.7510274997448818,0.7664982059419618,0.7664027259403496,0.21733215754829657,0.2616069474983368,0.24904420127161875,0.24706896020230293
241,8549-10-0,0.7603977099451005,0.8292398799717831,0.8434434004620208,0.965095742134326,0.2457439684135491,0.2872881225468994,0.33861720425234243,0.23878725179543664
242,857A-10-0,0.6958797206670081,0.7342986021161043,0.7576557756955461,0.7928082767510056,0.2596154725649079,0.2707281028019092,0.3067202621956137,0.43591727159420063
243,857C-10-0,0.6668929893492438,0.7178303097020213,0.7465110703057618,0.747148052363008,0.29625403270649053,0.3104297162668213,0.4669320053570297,0.5330381878073671
244,857P-10-0,1.3979538369570377,1.3101650862659886,1.3364837938478957,1.387803742687272,0.2534548857865059,0.2599775705285883,0.3023436901615915,0.43719493702820433
245,8594-10-0,0.843839739430719,0.9046116665990714,0.9156989987208066,0.9494118820314006,0.20121005691475355,0.22349021478363135,0.24438327413680164,0.2689289500448951
246,8605-10-0,0.8612403301274852,0.9168841029653663,0.9192969852455286,1.0565149487602592,0.38793666760791634,0.40071452235603006,0.45998022096525437,0.6376148498292137
247,8622-10-0,1.0803769307952904,1.0905192475923058,1.0864395130250595,1.103504826275711,0.34167597681989303,0.37574400320600554,0.37292857098838883,0.21911479067473233
248,875A-10-0,0.7881605132795293,0.8402061696432824,0.9377523583775179,1.0237469439149778,0.18642829723640272,0.21077316121559395,0.24965938320270165,0.23287564665892976
249,875H-10-0,1.1063347471602445,1.2323851439634423,1.2767834632761914,1.3390729642785466,0.3440487451932893,0.43772717753702334,0.4910796052495295,0.7767169974710962
251,888P-10-0,1.4909608845226439,1.8186227645811524,1.8218240269308816,1.8868140633089219,0.22004122986604174,0.22866690929387012,0.2814757687202273,0.24364302843419305
252,9004-10-0,0.9391427303449469,0.9693453770111654,0.9814474165016234,1.0096654631491717,0.2905641729325662,0.3684187285550237,0.49671680430862764,0.7236578357765148
253,9005-10-0,1.624576726792131,1.6344740424465425,1.6323766233584383,1.6422080395872154,0.17220380784474648,0.22440920779416595,0.2651551995548244,0.33410210099923554
254,9006-10-0,1.2296739435121655,1.2224695172252882,1.2271239954315019,1.219460757225397,0.25732992863808773,0.31730429507472463,0.37967408966426147,0.48814162838562586
255,9008-10-0,0.6912541025963893,0.7068130892879907,0.7276668869913651,0.7421496087620966,0.27215719084470014,0.2787685794664644,0.29739818174005567,0.42169296241076076
256,9012-10-0,0.6515381083070759,0.6675641935878234,0.6838749626175653,0.6868221278413248,0.40904855036715776,0.4733903032780759,0.6823880995876401,0.8716647872065524
257,9018-10-0,1.0256217841653053,1.0218363641917032,1.0096297967289942,1.0056095536914982,0.4813652087457,0.5385779066511918,0.6589271210832129,0.9573855536366584
258,9020-10-0,0.9341803673842792,0.9318484171821496,0.9317838838101714,0.933867815977848,0.27191621767860236,0.3367095992213545,0.4376494114833785,0.5386473327966801
259,9023-10-0,1.331663432161691,1.3387814899591082,1.3325516317066988,1.3704112321184148,0.19554496980542818,0.19889880973705337,0.21282929082668797,0.3066081443510109
260,9051-10-0,0.7436189341972981,0.7521809877444992,0.7608030028267094,0.7606801024098474,0.34111206314892484,0.37694654947114337,0.46415353348566135,0.48065065513351535
261,9191-10-0,0.7074830693938291,0.7867864310664039,0.8285063978170925,0.9101600352173764,0.23332021536114184,0.31639256453849135,0.3761344953569,0.382205577241153
262,930P-10-0,1.266747176616501,1.1169574805907572,1.1256111559254882,1.1888398405159961,0.49502416297381907,0.6507747179032979,0.9192070228021263,0.8348623238921029
263,938L-10-0,0.7884262929674907,0.8119761269974799,0.8397464858609117,0.841803924219333,0.30124917654550554,0.40421623101530885,0.4827566560490057,0.5806589128474704
264,948A-10-0,0.6550435891589121,0.6641893179551505,0.6652883899502424,0.6640604363170179,0.3275795325374514,0.36689644641063984,0.4040803088300223,0.5256982087349388
265,9717-10-0,0.7050567694608637,0.7222730155346738,0.7358874678263504,0.7682260535731135,0.297376412718811,0.33386098756328314,0.37825050867302823,0.5512014411170097
266,9784-10-0,0.8970015279177063,0.9015666732118918,0.9303118459186895,0.9426838608395296,0.24929308512955436,0.2905058248169733,0.3670572389159352,0.4440814785882948
267,9785-10-0,0.8094504699856341,0.8102723949109429,0.8168696392821961,0.8248316618924243,0.3311219883827527,0.42673218529916523,0.5341867938337928,0.522771770702195
268,9789-10-0,0.6759003876916272,0.7221174647579005,0.750107727345591,0.788700001600858,0.2742391132432475,0.32786319391551744,0.38926581875747684,0.45462276633219123
